  Seconds   Minutes     Hours  Type,Sub,Chan,Num,Aux
    0.172,  0.00286,0.0000477,     N,    0,    0,    0,
    1.195,  0.01992,0.0003320,     N,    0,    0,    0,
    2.211,  0.03685,0.0006141,     N,    0,    0,    0,
    3.266,  0.05443,0.0009071,     N,    0,    0,    0,
    4.281,  0.07135,0.0011892,     N,    0,    0,    0,
    5.297,  0.08828,0.0014714,     N,    0,    0,    0,
    6.328,  0.10547,0.0017578,     N,    0,    0,    0,
    7.367,  0.12279,0.0020464,     N,    0,    0,    0,
    8.391,  0.13984,0.0023307,     N,    0,    0,    0,
    9.406,  0.15677,0.0026128,     N,    0,    0,    0,
   10.453,  0.17422,0.0029036,     N,    0,    0,    0,
   11.484,  0.19141,0.0031901,     N,    0,    0,    0,
   12.492,  0.20820,0.0034701,     N,    0,    0,    0,
   13.500,  0.22500,0.0037500,     N,    0,    0,    0,
   14.523,  0.24206,0.0040343,     N,    0,    0,    0,
   15.555,  0.25924,0.0043207,     N,    0,    0,    0,
   16.562,  0.27604,0.0046007,     N,    0,    0,    0,
   17.570,  0.29284,0.0048806,     N,    0,    0,    0,
   18.609,  0.31016,0.0051693,     N,    0,    0,    0,
   19.633,  0.32721,0.0054536,     N,    0,    0,    0,
   20.648,  0.34414,0.0057357,     N,    0,    0,    0,
   21.688,  0.36146,0.0060243,     N,    0,    0,    0,
   22.727,  0.37878,0.0063129,     N,    0,    0,    0,
   23.742,  0.39570,0.0065951,     N,    0,    0,    0,
   24.742,  0.41237,0.0068728,     N,    0,    0,    0,
   25.766,  0.42943,0.0071571,     N,    0,    0,    0,
   26.781,  0.44635,0.0074392,     N,    0,    0,    0,
   27.789,  0.46315,0.0077192,     N,    0,    0,    0,
   28.805,  0.48008,0.0080013,     N,    0,    0,    0,
   29.820,  0.49701,0.0082834,     N,    0,    0,    0,
   30.820,  0.51367,0.0085612,     N,    0,    0,    0,
   31.836,  0.53060,0.0088433,     N,    0,    0,    0,
   32.859,  0.54766,0.0091276,     N,    0,    0,    0,
   33.883,  0.56471,0.0094119,     N,    0,    0,    0,
   34.891,  0.58151,0.0096918,     N,    0,    0,    0,
   35.906,  0.59844,0.0099740,     N,    0,    0,    0,
   36.938,  0.61562,0.0102604,     N,    0,    0,    0,
   37.945,  0.63242,0.0105404,     N,    0,    0,    0,
   38.961,  0.64935,0.0108225,     N,    0,    0,    0,
   39.984,  0.66641,0.0111068,     N,    0,    0,    0,
   41.008,  0.68346,0.0113911,     N,    0,    0,    0,
   42.023,  0.70039,0.0116732,     N,    0,    0,    0,
   43.055,  0.71758,0.0119596,     N,    0,    0,    0,
   44.078,  0.73464,0.0122439,     N,    0,    0,    0,
   45.086,  0.75143,0.0125239,     N,    0,    0,    0,
   46.102,  0.76836,0.0128060,     N,    0,    0,    0,
   47.117,  0.78529,0.0130881,     N,    0,    0,    0,
   48.141,  0.80234,0.0133724,     N,    0,    0,    0,
   49.148,  0.81914,0.0136523,     N,    0,    0,    0,
   50.164,  0.83607,0.0139345,     N,    0,    0,    0,
   51.203,  0.85339,0.0142231,     N,    0,    0,    0,
   52.227,  0.87044,0.0145074,     N,    0,    0,    0,
   53.227,  0.88711,0.0147852,     N,    0,    0,    0,
   54.258,  0.90430,0.0150716,     N,    0,    0,    0,
   55.273,  0.92122,0.0153537,     N,    0,    0,    0,
   56.289,  0.93815,0.0156359,     N,    0,    0,    0,
   57.297,  0.95495,0.0159158,     N,    0,    0,    0,
   58.320,  0.97201,0.0162001,     N,    0,    0,    0,
   59.320,  0.98867,0.0164779,     N,    0,    0,    0,
   60.320,  1.00534,0.0167556,     N,    0,    0,    0,
   61.336,  1.02227,0.0170378,     N,    0,    0,    0,
   62.344,  1.03906,0.0173177,     N,    0,    0,    0,
   63.328,  1.05547,0.0175911,     N,    0,    0,    0,
   64.344,  1.07240,0.0178733,     N,    0,    0,    0,
   65.359,  1.08932,0.0181554,     N,    0,    0,    0,
   66.375,  1.10625,0.0184375,     N,    0,    0,    0,
   67.375,  1.12292,0.0187153,     N,    0,    0,    0,
   68.406,  1.14010,0.0190017,     N,    0,    0,    0,
   69.430,  1.15716,0.0192860,     N,    0,    0,    0,
   70.438,  1.17396,0.0195660,     N,    0,    0,    0,
   71.461,  1.19102,0.0198503,     N,    0,    0,    0,
   72.484,  1.20807,0.0201345,     N,    0,    0,    0,
   73.500,  1.22500,0.0204167,     N,    0,    0,    0,
   74.508,  1.24180,0.0206966,     N,    0,    0,    0,
   75.531,  1.25885,0.0209809,     N,    0,    0,    0,
   76.539,  1.27565,0.0212609,     N,    0,    0,    0,
   77.547,  1.29245,0.0215408,     N,    0,    0,    0,
   78.555,  1.30924,0.0218207,     N,    0,    0,    0,
   79.586,  1.32643,0.0221072,     N,    0,    0,    0,
   80.602,  1.34336,0.0223893,     N,    0,    0,    0,
   81.609,  1.36016,0.0226693,     N,    0,    0,    0,
   82.633,  1.37721,0.0229536,     N,    0,    0,    0,
   83.656,  1.39427,0.0232378,     N,    0,    0,    0,
   84.672,  1.41120,0.0235200,     N,    0,    0,    0,
   85.695,  1.42826,0.0238043,     N,    0,    0,    0,
   86.742,  1.44570,0.0240951,     N,    0,    0,    0,
   87.781,  1.46302,0.0243837,     N,    0,    0,    0,
   88.812,  1.48021,0.0246701,     N,    0,    0,    0,
   89.836,  1.49727,0.0249544,     N,    0,    0,    0,
   90.852,  1.51419,0.0252365,     N,    0,    0,    0,
   91.867,  1.53112,0.0255187,     N,    0,    0,    0,
   92.867,  1.54779,0.0257964,     N,    0,    0,    0,
   93.859,  1.56432,0.0260720,     N,    0,    0,    0,
   94.867,  1.58112,0.0263520,     N,    0,    0,    0,
   95.867,  1.59779,0.0266298,     N,    0,    0,    0,
   96.859,  1.61432,0.0269054,     N,    0,    0,    0,
   97.828,  1.63047,0.0271745,     N,    0,    0,    0,
   98.852,  1.64753,0.0274588,     N,    0,    0,    0,
   99.867,  1.66445,0.0277409,     N,    0,    0,    0,
  100.852,  1.68086,0.0280143,     N,    0,    0,    0,
  101.867,  1.69779,0.0282964,     N,    0,    0,    0,
  102.898,  1.71497,0.0285829,     N,    0,    0,    0,
  103.914,  1.73190,0.0288650,     N,    0,    0,    0,
  104.930,  1.74883,0.0291471,     N,    0,    0,    0,
  105.961,  1.76602,0.0294336,     N,    0,    0,    0,
  107.008,  1.78346,0.0297244,     N,    0,    0,    0,
  108.031,  1.80052,0.0300087,     N,    0,    0,    0,
  109.078,  1.81797,0.0302995,     N,    0,    0,    0,
  110.125,  1.83542,0.0305903,     N,    0,    0,    0,
  111.156,  1.85260,0.0308767,     N,    0,    0,    0,
  112.195,  1.86992,0.0311654,     N,    0,    0,    0,
  113.250,  1.88750,0.0314583,     N,    0,    0,    0,
  114.312,  1.90521,0.0317535,     N,    0,    0,    0,
  115.352,  1.92253,0.0320421,     N,    0,    0,    0,
  116.430,  1.94049,0.0323416,     N,    0,    0,    0,
  117.492,  1.95820,0.0326367,     N,    0,    0,    0,
  118.547,  1.97578,0.0329297,     N,    0,    0,    0,
  119.602,  1.99336,0.0332227,     N,    0,    0,    0,
  120.641,  2.01068,0.0335113,     N,    0,    0,    0,
  121.688,  2.02813,0.0338021,     N,    0,    0,    0,
  122.734,  2.04557,0.0340929,     N,    0,    0,    0,
  123.789,  2.06315,0.0343859,     N,    0,    0,    0,
  124.828,  2.08047,0.0346745,     N,    0,    0,    0,
  125.852,  2.09753,0.0349588,     N,    0,    0,    0,
  126.875,  2.11458,0.0352431,     N,    0,    0,    0,
  127.898,  2.13164,0.0355273,     N,    0,    0,    0,
  128.906,  2.14844,0.0358073,     N,    0,    0,    0,
  129.930,  2.16549,0.0360916,     N,    0,    0,    0,
  130.984,  2.18307,0.0363845,     N,    0,    0,    0,
  131.992,  2.19987,0.0366645,     N,    0,    0,    0,
  133.000,  2.21667,0.0369444,     N,    0,    0,    0,
  134.031,  2.23385,0.0372309,     N,    0,    0,    0,
  135.055,  2.25091,0.0375152,     N,    0,    0,    0,
  136.055,  2.26758,0.0377930,     N,    0,    0,    0,
  137.078,  2.28464,0.0380773,     N,    0,    0,    0,
  138.094,  2.30156,0.0383594,     N,    0,    0,    0,
  139.109,  2.31849,0.0386415,     N,    0,    0,    0,
  140.133,  2.33555,0.0389258,     N,    0,    0,    0,
  141.188,  2.35312,0.0392187,     N,    0,    0,    0,
  142.242,  2.37070,0.0395117,     N,    0,    0,    0,
  143.281,  2.38802,0.0398003,     N,    0,    0,    0,
  144.336,  2.40560,0.0400933,     N,    0,    0,    0,
  145.406,  2.42344,0.0403906,     N,    0,    0,    0,
  146.469,  2.44115,0.0406858,     N,    0,    0,    0,
  147.523,  2.45872,0.0409787,     N,    0,    0,    0,
  148.586,  2.47643,0.0412739,     N,    0,    0,    0,
  149.641,  2.49401,0.0415668,     N,    0,    0,    0,
  150.719,  2.51198,0.0418663,     N,    0,    0,    0,
  151.812,  2.53021,0.0421701,     N,    0,    0,    0,
  152.891,  2.54818,0.0424696,     N,    0,    0,    0,
  153.961,  2.56602,0.0427669,     N,    0,    0,    0,
  155.047,  2.58411,0.0430686,     N,    0,    0,    0,
  156.125,  2.60208,0.0433681,     N,    0,    0,    0,
  157.195,  2.61992,0.0436654,     N,    0,    0,    0,
  158.258,  2.63763,0.0439605,     N,    0,    0,    0,
  159.312,  2.65521,0.0442535,     N,    0,    0,    0,
  160.367,  2.67279,0.0445464,     N,    0,    0,    0,
  161.414,  2.69023,0.0448372,     N,    0,    0,    0,
  162.445,  2.70742,0.0451237,     N,    0,    0,    0,
  163.484,  2.72474,0.0454123,     N,    0,    0,    0,
  164.531,  2.74219,0.0457031,     N,    0,    0,    0,
  165.547,  2.75911,0.0459852,     N,    0,    0,    0,
  166.570,  2.77617,0.0462695,     N,    0,    0,    0,
  167.609,  2.79349,0.0465582,     N,    0,    0,    0,
  168.656,  2.81094,0.0468490,     N,    0,    0,    0,
  169.680,  2.82799,0.0471332,     N,    0,    0,    0,
  170.695,  2.84492,0.0474154,     N,    0,    0,    0,
  171.742,  2.86237,0.0477062,     N,    0,    0,    0,
  172.758,  2.87930,0.0479883,     N,    0,    0,    0,
  173.781,  2.89635,0.0482726,     N,    0,    0,    0,
  174.812,  2.91354,0.0485590,     N,    0,    0,    0,
  175.852,  2.93086,0.0488477,     N,    0,    0,    0,
  176.891,  2.94818,0.0491363,     N,    0,    0,    0,
  177.914,  2.96523,0.0494206,     N,    0,    0,    0,
  178.961,  2.98268,0.0497114,     N,    0,    0,    0,
  179.992,  2.99987,0.0499978,     N,    0,    0,    0,
  181.023,  3.01706,0.0502843,     N,    0,    0,    0,
  182.094,  3.03490,0.0505816,     N,    0,    0,    0,
  183.125,  3.05208,0.0508681,     N,    0,    0,    0,
  184.125,  3.06875,0.0511458,     N,    0,    0,    0,
  185.148,  3.08581,0.0514301,     N,    0,    0,    0,
  186.164,  3.10273,0.0517122,     N,    0,    0,    0,
  187.156,  3.11927,0.0519878,     N,    0,    0,    0,
  188.164,  3.13607,0.0522678,     N,    0,    0,    0,
  189.188,  3.15313,0.0525521,     N,    0,    0,    0,
  190.188,  3.16979,0.0528299,     N,    0,    0,    0,
  191.211,  3.18685,0.0531141,     N,    0,    0,    0,
  192.242,  3.20404,0.0534006,     N,    0,    0,    0,
  193.250,  3.22083,0.0536806,     N,    0,    0,    0,
  194.266,  3.23776,0.0539627,     N,    0,    0,    0,
  195.297,  3.25495,0.0542491,     N,    0,    0,    0,
  196.312,  3.27188,0.0545313,     N,    0,    0,    0,
  197.328,  3.28880,0.0548134,     N,    0,    0,    0,
  198.359,  3.30599,0.0550998,     N,    0,    0,    0,
  199.391,  3.32318,0.0553863,     N,    0,    0,    0,
  200.414,  3.34023,0.0556706,     N,    0,    0,    0,
  201.445,  3.35742,0.0559570,     N,    0,    0,    0,
  202.477,  3.37461,0.0562435,     N,    0,    0,    0,
  203.484,  3.39141,0.0565234,     N,    0,    0,    0,
  204.492,  3.40820,0.0568034,     N,    0,    0,    0,
  205.508,  3.42513,0.0570855,     N,    0,    0,    0,
  206.516,  3.44193,0.0573655,     N,    0,    0,    0,
  207.531,  3.45885,0.0576476,     N,    0,    0,    0,
  208.555,  3.47591,0.0579319,     N,    0,    0,    0,
  209.594,  3.49323,0.0582205,     N,    0,    0,    0,
  210.609,  3.51016,0.0585026,     N,    0,    0,    0,
  211.625,  3.52708,0.0587847,     N,    0,    0,    0,
  212.664,  3.54440,0.0590734,     N,    0,    0,    0,
  213.688,  3.56146,0.0593576,     N,    0,    0,    0,
  214.688,  3.57812,0.0596354,     N,    0,    0,    0,
  215.695,  3.59492,0.0599154,     N,    0,    0,    0,
  216.695,  3.61159,0.0601931,     N,    0,    0,    0,
  217.719,  3.62865,0.0604774,     N,    0,    0,    0,
  218.727,  3.64544,0.0607574,     N,    0,    0,    0,
  219.727,  3.66211,0.0610352,     N,    0,    0,    0,
  220.750,  3.67917,0.0613194,     N,    0,    0,    0,
  221.789,  3.69648,0.0616081,     N,    0,    0,    0,
  222.812,  3.71354,0.0618924,     N,    0,    0,    0,
  223.836,  3.73060,0.0621766,     N,    0,    0,    0,
  224.883,  3.74805,0.0624674,     N,    0,    0,    0,
  225.930,  3.76549,0.0627582,     N,    0,    0,    0,
  226.945,  3.78242,0.0630404,     N,    0,    0,    0,
  227.953,  3.79922,0.0633203,     N,    0,    0,    0,
  228.992,  3.81654,0.0636089,     N,    0,    0,    0,
  230.023,  3.83372,0.0638954,     N,    0,    0,    0,
  231.031,  3.85052,0.0641753,     N,    0,    0,    0,
  232.070,  3.86784,0.0644640,     N,    0,    0,    0,
  233.117,  3.88529,0.0647548,     N,    0,    0,    0,
  234.133,  3.90221,0.0650369,     N,    0,    0,    0,
  235.156,  3.91927,0.0653212,     N,    0,    0,    0,
  236.211,  3.93685,0.0656141,     N,    0,    0,    0,
  237.266,  3.95443,0.0659071,     N,    0,    0,    0,
  238.281,  3.97135,0.0661892,     N,    0,    0,    0,
  239.320,  3.98867,0.0664779,     N,    0,    0,    0,
  240.352,  4.00586,0.0667643,     N,    0,    0,    0,
  241.367,  4.02279,0.0670464,     N,    0,    0,    0,
  242.375,  4.03958,0.0673264,     N,    0,    0,    0,
  243.406,  4.05677,0.0676128,     N,    0,    0,    0,
  244.414,  4.07357,0.0678928,     N,    0,    0,    0,
  245.422,  4.09036,0.0681727,     N,    0,    0,    0,
  246.445,  4.10742,0.0684570,     N,    0,    0,    0,
  247.469,  4.12448,0.0687413,     N,    0,    0,    0,
  248.492,  4.14154,0.0690256,     N,    0,    0,    0,
  249.492,  4.15820,0.0693034,     N,    0,    0,    0,
  250.555,  4.17591,0.0695985,     N,    0,    0,    0,
  251.586,  4.19310,0.0698850,     N,    0,    0,    0,
  252.570,  4.20951,0.0701584,     N,    0,    0,    0,
  253.586,  4.22643,0.0704405,     N,    0,    0,    0,
  254.609,  4.24349,0.0707248,     N,    0,    0,    0,
  255.609,  4.26016,0.0710026,     N,    0,    0,    0,
  256.617,  4.27695,0.0712826,     N,    0,    0,    0,
  257.672,  4.29453,0.0715755,     N,    0,    0,    0,
  258.695,  4.31159,0.0718598,     N,    0,    0,    0,
  259.719,  4.32865,0.0721441,     N,    0,    0,    0,
  260.750,  4.34583,0.0724306,     N,    0,    0,    0,
  261.781,  4.36302,0.0727170,     N,    0,    0,    0,
  262.789,  4.37982,0.0729970,     N,    0,    0,    0,
  263.820,  4.39701,0.0732834,     N,    0,    0,    0,
  264.859,  4.41432,0.0735720,     N,    0,    0,    0,
  265.891,  4.43151,0.0738585,     N,    0,    0,    0,
  266.914,  4.44857,0.0741428,     N,    0,    0,    0,
  267.977,  4.46628,0.0744379,     N,    0,    0,    0,
  269.031,  4.48385,0.0747309,     N,    0,    0,    0,
  270.055,  4.50091,0.0750152,     N,    0,    0,    0,
  271.102,  4.51836,0.0753060,     N,    0,    0,    0,
  272.172,  4.53620,0.0756033,     N,    0,    0,    0,
  273.203,  4.55339,0.0758898,     N,    0,    0,    0,
  274.242,  4.57070,0.0761784,     N,    0,    0,    0,
  275.297,  4.58828,0.0764714,     N,    0,    0,    0,
  276.344,  4.60573,0.0767622,     N,    0,    0,    0,
  277.367,  4.62279,0.0770464,     N,    0,    0,    0,
  278.398,  4.63997,0.0773329,     N,    0,    0,    0,
  279.453,  4.65755,0.0776259,     N,    0,    0,    0,
  280.484,  4.67474,0.0779123,     N,    0,    0,    0,
  281.523,  4.69206,0.0782010,     N,    0,    0,    0,
  282.578,  4.70964,0.0784939,     N,    0,    0,    0,
  283.633,  4.72721,0.0787869,     N,    0,    0,    0,
  284.672,  4.74453,0.0790755,     N,    0,    0,    0,
  285.719,  4.76198,0.0793663,     N,    0,    0,    0,
  286.773,  4.77956,0.0796593,     N,    0,    0,    0,
  287.820,  4.79701,0.0799501,     N,    0,    0,    0,
  288.875,  4.81458,0.0802431,     N,    0,    0,    0,
  289.914,  4.83190,0.0805317,     N,    0,    0,    0,
  290.977,  4.84961,0.0808268,     N,    0,    0,    0,
  292.023,  4.86706,0.0811176,     N,    0,    0,    0,
  293.031,  4.88385,0.0813976,     N,    0,    0,    0,
  294.031,  4.90052,0.0816753,     N,    0,    0,    0,
  295.039,  4.91732,0.0819553,     N,    0,    0,    0,
  296.078,  4.93464,0.0822439,     N,    0,    0,    0,
  297.070,  4.95117,0.0825195,     N,    0,    0,    0,
  298.094,  4.96823,0.0828038,     N,    0,    0,    0,
  299.117,  4.98529,0.0830881,     N,    0,    0,    0,
  300.117,  5.00195,0.0833659,     N,    0,    0,    0,
  301.117,  5.01862,0.0836437,     N,    0,    0,    0,
  302.172,  5.03620,0.0839366,     N,    0,    0,    0,
  303.203,  5.05339,0.0842231,     N,    0,    0,    0,
  304.211,  5.07018,0.0845030,     N,    0,    0,    0,
  305.227,  5.08711,0.0847852,     N,    0,    0,    0,
  306.258,  5.10430,0.0850716,     N,    0,    0,    0,
  307.273,  5.12122,0.0853537,     N,    0,    0,    0,
  308.289,  5.13815,0.0856359,     N,    0,    0,    0,
  309.344,  5.15573,0.0859288,     N,    0,    0,    0,
  310.414,  5.17357,0.0862261,     N,    0,    0,    0,
  311.469,  5.19115,0.0865191,     N,    0,    0,    0,
  312.500,  5.20833,0.0868056,     N,    0,    0,    0,
  313.570,  5.22617,0.0871029,     N,    0,    0,    0,
  314.641,  5.24401,0.0874002,     N,    0,    0,    0,
  315.695,  5.26159,0.0876931,     N,    0,    0,    0,
  316.703,  5.27839,0.0879731,     N,    0,    0,    0,
  317.734,  5.29557,0.0882595,     N,    0,    0,    0,
  318.766,  5.31276,0.0885460,     N,    0,    0,    0,
  319.789,  5.32982,0.0888303,     N,    0,    0,    0,
  320.789,  5.34648,0.0891081,     N,    0,    0,    0,
  321.805,  5.36341,0.0893902,     N,    0,    0,    0,
  322.836,  5.38060,0.0896766,     N,    0,    0,    0,
  323.828,  5.39714,0.0899523,     N,    0,    0,    0,
  324.820,  5.41367,0.0902279,     N,    0,    0,    0,
  325.820,  5.43034,0.0905056,     N,    0,    0,    0,
  326.836,  5.44727,0.0907878,     N,    0,    0,    0,
  327.773,  5.46289,0.0910482,     N,    0,    0,    0,
  328.805,  5.48008,0.0913346,     N,    0,    0,    0,
  329.836,  5.49727,0.0916211,     N,    0,    0,    0,
  330.875,  5.51458,0.0919097,     N,    0,    0,    0,
  331.875,  5.53125,0.0921875,     N,    0,    0,    0,
  332.891,  5.54818,0.0924696,     N,    0,    0,    0,
  333.938,  5.56562,0.0927604,     N,    0,    0,    0,
  334.953,  5.58255,0.0930425,     N,    0,    0,    0,
  335.992,  5.59987,0.0933312,     N,    0,    0,    0,
  337.070,  5.61784,0.0936306,     N,    0,    0,    0,
  338.117,  5.63529,0.0939214,     N,    0,    0,    0,
  339.164,  5.65273,0.0942122,     N,    0,    0,    0,
  340.219,  5.67031,0.0945052,     N,    0,    0,    0,
  341.281,  5.68802,0.0948003,     N,    0,    0,    0,
  342.328,  5.70547,0.0950911,     N,    0,    0,    0,
  343.367,  5.72279,0.0953798,     N,    0,    0,    0,
  344.422,  5.74036,0.0956727,     N,    0,    0,    0,
  345.453,  5.75755,0.0959592,     N,    0,    0,    0,
  346.492,  5.77487,0.0962478,     N,    0,    0,    0,
  347.555,  5.79258,0.0965430,     N,    0,    0,    0,
  348.578,  5.80964,0.0968273,     N,    0,    0,    0,
  349.602,  5.82669,0.0971115,     N,    0,    0,    0,
  350.641,  5.84401,0.0974002,     N,    0,    0,    0,
  351.680,  5.86133,0.0976888,     N,    0,    0,    0,
  352.711,  5.87852,0.0979753,     N,    0,    0,    0,
  353.758,  5.89596,0.0982661,     N,    0,    0,    0,
  354.789,  5.91315,0.0985525,     N,    0,    0,    0,
  355.836,  5.93060,0.0988433,     N,    0,    0,    0,
  356.875,  5.94792,0.0991319,     N,    0,    0,    0,
  357.914,  5.96523,0.0994206,     N,    0,    0,    0,
  358.961,  5.98268,0.0997114,     N,    0,    0,    0,
  360.016,  6.00026,0.1000043,     N,    0,    0,    0,
  361.047,  6.01745,0.1002908,     N,    0,    0,    0,
  362.070,  6.03451,0.1005751,     N,    0,    0,    0,
  363.109,  6.05182,0.1008637,     N,    0,    0,    0,
  364.148,  6.06914,0.1011523,     N,    0,    0,    0,
  365.148,  6.08581,0.1014301,     N,    0,    0,    0,
  366.164,  6.10273,0.1017122,     N,    0,    0,    0,
  367.203,  6.12005,0.1020009,     N,    0,    0,    0,
  368.250,  6.13750,0.1022917,     N,    0,    0,    0,
  369.266,  6.15443,0.1025738,     N,    0,    0,    0,
  370.281,  6.17135,0.1028559,     N,    0,    0,    0,
  371.305,  6.18841,0.1031402,     N,    0,    0,    0,
  372.320,  6.20534,0.1034223,     N,    0,    0,    0,
  373.328,  6.22214,0.1037023,     N,    0,    0,    0,
  374.305,  6.23841,0.1039735,     N,    0,    0,    0,
  375.312,  6.25521,0.1042535,     N,    0,    0,    0,
  376.344,  6.27240,0.1045399,     N,    0,    0,    0,
  377.328,  6.28880,0.1048134,     N,    0,    0,    0,
  378.328,  6.30547,0.1050911,     N,    0,    0,    0,
  379.398,  6.32331,0.1053885,     N,    0,    0,    0,
  380.438,  6.34063,0.1056771,     N,    0,    0,    0,
  381.422,  6.35703,0.1059505,     N,    0,    0,    0,
  382.492,  6.37487,0.1062478,     N,    0,    0,    0,
  383.547,  6.39245,0.1065408,     N,    0,    0,    0,
  384.578,  6.40964,0.1068273,     N,    0,    0,    0,
  385.641,  6.42734,0.1071224,     N,    0,    0,    0,
  386.734,  6.44557,0.1074262,     N,    0,    0,    0,
  387.805,  6.46341,0.1077235,     N,    0,    0,    0,
  388.859,  6.48099,0.1080165,     N,    0,    0,    0,
  389.938,  6.49896,0.1083160,     N,    0,    0,    0,
  391.008,  6.51680,0.1086133,     N,    0,    0,    0,
  392.055,  6.53424,0.1089041,     N,    0,    0,    0,
  393.117,  6.55195,0.1091992,     N,    0,    0,    0,
  394.211,  6.57018,0.1095030,     N,    0,    0,    0,
  395.281,  6.58802,0.1098003,     N,    0,    0,    0,
  396.367,  6.60612,0.1101020,     N,    0,    0,    0,
  397.438,  6.62396,0.1103993,     N,    0,    0,    0,
  398.508,  6.64180,0.1106966,     N,    0,    0,    0,
  399.586,  6.65977,0.1109961,     N,    0,    0,    0,
  400.664,  6.67773,0.1112956,     N,    0,    0,    0,
  401.742,  6.69570,0.1115951,     N,    0,    0,    0,
  402.812,  6.71354,0.1118924,     N,    0,    0,    0,
  403.867,  6.73112,0.1121853,     N,    0,    0,    0,
  404.930,  6.74883,0.1124805,     N,    0,    0,    0,
  405.992,  6.76654,0.1127756,     N,    0,    0,    0,
  407.062,  6.78437,0.1130729,     N,    0,    0,    0,
  408.109,  6.80182,0.1133637,     N,    0,    0,    0,
  409.172,  6.81953,0.1136589,     N,    0,    0,    0,
  410.219,  6.83698,0.1139497,     N,    0,    0,    0,
  411.273,  6.85456,0.1142426,     N,    0,    0,    0,
  412.312,  6.87188,0.1145313,     N,    0,    0,    0,
  413.391,  6.88984,0.1148307,     N,    0,    0,    0,
  414.453,  6.90755,0.1151259,     N,    0,    0,    0,
  415.477,  6.92461,0.1154102,     N,    0,    0,    0,
  416.523,  6.94206,0.1157010,     N,    0,    0,    0,
  417.586,  6.95977,0.1159961,     N,    0,    0,    0,
  418.625,  6.97708,0.1162847,     N,    0,    0,    0,
  419.672,  6.99453,0.1165755,     N,    0,    0,    0,
  420.750,  7.01250,0.1168750,     N,    0,    0,    0,
  421.836,  7.03060,0.1171766,     N,    0,    0,    0,
  422.891,  7.04818,0.1174696,     N,    0,    0,    0,
  423.961,  7.06602,0.1177669,     N,    0,    0,    0,
  425.094,  7.08490,0.1180816,     N,    0,    0,    0,
  426.125,  7.10208,0.1183681,     N,    0,    0,    0,
  427.164,  7.11940,0.1186567,     N,    0,    0,    0,
  428.234,  7.13724,0.1189540,     N,    0,    0,    0,
  429.312,  7.15521,0.1192535,     N,    0,    0,    0,
  430.078,  7.16797,0.1194661,     S,    0,    0,    0,
  431.352,  7.18919,0.1198199,     N,    0,    0,    0,
  432.461,  7.20768,0.1201280,     N,    0,    0,    0,
  433.523,  7.22539,0.1204232,     N,    0,    0,    0,
  434.570,  7.24284,0.1207140,     N,    0,    0,    0,
  435.609,  7.26016,0.1210026,     N,    0,    0,    0,
  436.656,  7.27760,0.1212934,     N,    0,    0,    0,
  437.680,  7.29466,0.1215777,     N,    0,    0,    0,
  438.695,  7.31159,0.1218598,     N,    0,    0,    0,
  439.734,  7.32891,0.1221484,     N,    0,    0,    0,
  440.766,  7.34609,0.1224349,     N,    0,    0,    0,
  441.773,  7.36289,0.1227148,     N,    0,    0,    0,
  442.805,  7.38008,0.1230013,     N,    0,    0,    0,
  443.844,  7.39740,0.1232899,     N,    0,    0,    0,
  444.891,  7.41484,0.1235807,     N,    0,    0,    0,
  445.938,  7.43229,0.1238715,     N,    0,    0,    0,
  446.969,  7.44948,0.1241580,     N,    0,    0,    0,
  448.031,  7.46719,0.1244531,     N,    0,    0,    0,
  449.078,  7.48464,0.1247439,     N,    0,    0,    0,
  450.117,  7.50195,0.1250326,     N,    0,    0,    0,
  451.156,  7.51927,0.1253212,     N,    0,    0,    0,
  452.203,  7.53672,0.1256120,     N,    0,    0,    0,
  453.250,  7.55417,0.1259028,     N,    0,    0,    0,
  454.297,  7.57161,0.1261936,     N,    0,    0,    0,
  455.312,  7.58854,0.1264757,     N,    0,    0,    0,
  456.328,  7.60547,0.1267578,     N,    0,    0,    0,
  457.359,  7.62266,0.1270443,     N,    0,    0,    0,
  458.391,  7.63984,0.1273307,     N,    0,    0,    0,
  459.398,  7.65664,0.1276107,     N,    0,    0,    0,
  460.414,  7.67357,0.1278928,     N,    0,    0,    0,
  461.453,  7.69089,0.1281814,     N,    0,    0,    0,
  462.461,  7.70768,0.1284614,     N,    0,    0,    0,
  463.469,  7.72448,0.1287413,     N,    0,    0,    0,
  464.312,  7.73854,0.1289757,     S,    0,    0,    0,
  465.547,  7.75911,0.1293186,     N,    0,    0,    0,
  466.578,  7.77630,0.1296050,     N,    0,    0,    0,
  467.625,  7.79375,0.1298958,     N,    0,    0,    0,
  468.688,  7.81146,0.1301910,     N,    0,    0,    0,
  469.727,  7.82878,0.1304796,     N,    0,    0,    0,
  470.789,  7.84648,0.1307747,     N,    0,    0,    0,
  471.867,  7.86445,0.1310742,     N,    0,    0,    0,
  472.930,  7.88216,0.1313694,     N,    0,    0,    0,
  473.969,  7.89948,0.1316580,     N,    0,    0,    0,
  475.047,  7.91745,0.1319575,     N,    0,    0,    0,
  476.102,  7.93503,0.1322504,     N,    0,    0,    0,
  477.164,  7.95273,0.1325456,     N,    0,    0,    0,
  478.234,  7.97057,0.1328429,     N,    0,    0,    0,
  479.312,  7.98854,0.1331424,     N,    0,    0,    0,
  480.414,  8.00690,0.1334484,     N,    0,    0,    0,
  481.508,  8.02513,0.1337522,     N,    0,    0,    0,
  482.586,  8.04310,0.1340516,     N,    0,    0,    0,
  483.656,  8.06094,0.1343490,     N,    0,    0,    0,
  484.711,  8.07852,0.1346419,     N,    0,    0,    0,
  485.766,  8.09609,0.1349349,     N,    0,    0,    0,
  486.844,  8.11406,0.1352344,     N,    0,    0,    0,
  487.906,  8.13177,0.1355295,     N,    0,    0,    0,
  488.961,  8.14935,0.1358225,     N,    0,    0,    0,
  490.016,  8.16693,0.1361155,     N,    0,    0,    0,
  491.055,  8.18424,0.1364041,     N,    0,    0,    0,
  492.078,  8.20130,0.1366884,     N,    0,    0,    0,
  493.125,  8.21875,0.1369792,     N,    0,    0,    0,
  494.164,  8.23607,0.1372678,     N,    0,    0,    0,
  495.188,  8.25313,0.1375521,     N,    0,    0,    0,
  496.211,  8.27018,0.1378364,     N,    0,    0,    0,
  497.281,  8.28802,0.1381337,     N,    0,    0,    0,
  498.312,  8.30521,0.1384201,     N,    0,    0,    0,
  499.352,  8.32253,0.1387088,     N,    0,    0,    0,
  500.453,  8.34089,0.1390148,     N,    0,    0,    0,
  501.516,  8.35859,0.1393099,     N,    0,    0,    0,
  502.594,  8.37656,0.1396094,     N,    0,    0,    0,
  503.680,  8.39466,0.1399110,     N,    0,    0,    0,
  504.758,  8.41263,0.1402105,     N,    0,    0,    0,
  505.820,  8.43034,0.1405056,     N,    0,    0,    0,
  506.914,  8.44857,0.1408095,     N,    0,    0,    0,
  507.992,  8.46654,0.1411089,     N,    0,    0,    0,
  509.047,  8.48411,0.1414019,     N,    0,    0,    0,
  510.133,  8.50221,0.1417036,     N,    0,    0,    0,
  511.234,  8.52057,0.1420095,     N,    0,    0,    0,
  512.328,  8.53880,0.1423134,     N,    0,    0,    0,
  513.414,  8.55690,0.1426150,     N,    0,    0,    0,
  514.477,  8.57461,0.1429102,     N,    0,    0,    0,
  515.562,  8.59271,0.1432118,     N,    0,    0,    0,
  516.625,  8.61042,0.1435069,     N,    0,    0,    0,
  517.672,  8.62786,0.1437977,     N,    0,    0,    0,
  518.758,  8.64596,0.1440994,     N,    0,    0,    0,
  519.844,  8.66406,0.1444010,     N,    0,    0,    0,
  520.914,  8.68190,0.1446984,     N,    0,    0,    0,
  521.984,  8.69974,0.1449957,     N,    0,    0,    0,
  523.055,  8.71758,0.1452930,     N,    0,    0,    0,
  524.125,  8.73542,0.1455903,     N,    0,    0,    0,
  525.172,  8.75286,0.1458811,     N,    0,    0,    0,
  526.242,  8.77070,0.1461784,     N,    0,    0,    0,
  527.297,  8.78828,0.1464714,     N,    0,    0,    0,
  528.328,  8.80547,0.1467578,     N,    0,    0,    0,
  529.367,  8.82279,0.1470464,     N,    0,    0,    0,
  530.453,  8.84089,0.1473481,     N,    0,    0,    0,
  531.531,  8.85885,0.1476476,     N,    0,    0,    0,
  532.578,  8.87630,0.1479384,     N,    0,    0,    0,
  533.648,  8.89414,0.1482357,     N,    0,    0,    0,
  534.711,  8.91185,0.1485308,     N,    0,    0,    0,
  535.781,  8.92969,0.1488281,     N,    0,    0,    0,
  536.891,  8.94818,0.1491363,     N,    0,    0,    0,
  537.977,  8.96628,0.1494379,     N,    0,    0,    0,
  539.055,  8.98424,0.1497374,     N,    0,    0,    0,
  540.117,  9.00195,0.1500326,     N,    0,    0,    0,
  541.195,  9.01992,0.1503320,     N,    0,    0,    0,
  542.273,  9.03789,0.1506315,     N,    0,    0,    0,
  543.328,  9.05547,0.1509245,     N,    0,    0,    0,
  544.375,  9.07292,0.1512153,     N,    0,    0,    0,
  545.445,  9.09076,0.1515126,     N,    0,    0,    0,
  546.492,  9.10820,0.1518034,     N,    0,    0,    0,
  547.516,  9.12526,0.1520877,     N,    0,    0,    0,
  548.555,  9.14258,0.1523763,     N,    0,    0,    0,
  549.609,  9.16016,0.1526693,     N,    0,    0,    0,
  550.289,  9.17148,0.1528581,     S,    0,    0,    0,
  551.477,  9.19128,0.1531879,     N,    0,    0,    0,
  552.539,  9.20898,0.1534831,     N,    0,    0,    0,
  553.586,  9.22643,0.1537739,     N,    0,    0,    0,
  554.602,  9.24336,0.1540560,     N,    0,    0,    0,
  555.609,  9.26016,0.1543359,     N,    0,    0,    0,
  556.664,  9.27773,0.1546289,     N,    0,    0,    0,
  557.695,  9.29492,0.1549154,     N,    0,    0,    0,
  558.719,  9.31198,0.1551997,     N,    0,    0,    0,
  559.758,  9.32930,0.1554883,     N,    0,    0,    0,
  560.805,  9.34674,0.1557791,     N,    0,    0,    0,
  561.844,  9.36406,0.1560677,     N,    0,    0,    0,
  562.859,  9.38099,0.1563498,     N,    0,    0,    0,
  563.898,  9.39831,0.1566385,     N,    0,    0,    0,
  564.914,  9.41523,0.1569206,     N,    0,    0,    0,
  565.922,  9.43203,0.1572005,     N,    0,    0,    0,
  566.969,  9.44948,0.1574913,     N,    0,    0,    0,
  567.984,  9.46641,0.1577734,     N,    0,    0,    0,
  569.000,  9.48333,0.1580556,     N,    0,    0,    0,
  570.047,  9.50078,0.1583464,     N,    0,    0,    0,
  571.102,  9.51836,0.1586393,     N,    0,    0,    0,
  572.156,  9.53594,0.1589323,     N,    0,    0,    0,
  573.234,  9.55391,0.1592318,     N,    0,    0,    0,
  574.297,  9.57161,0.1595269,     N,    0,    0,    0,
  575.375,  9.58958,0.1598264,     N,    0,    0,    0,
  576.430,  9.60716,0.1601194,     N,    0,    0,    0,
  577.508,  9.62513,0.1604188,     N,    0,    0,    0,
  578.562,  9.64271,0.1607118,     N,    0,    0,    0,
  579.609,  9.66016,0.1610026,     N,    0,    0,    0,
  580.664,  9.67773,0.1612956,     N,    0,    0,    0,
  581.719,  9.69531,0.1615885,     N,    0,    0,    0,
  582.773,  9.71289,0.1618815,     N,    0,    0,    0,
  583.812,  9.73021,0.1621701,     N,    0,    0,    0,
  584.859,  9.74766,0.1624609,     N,    0,    0,    0,
  585.930,  9.76549,0.1627582,     N,    0,    0,    0,
  586.984,  9.78307,0.1630512,     N,    0,    0,    0,
  588.047,  9.80078,0.1633464,     N,    0,    0,    0,
  589.133,  9.81888,0.1636480,     N,    0,    0,    0,
  590.242,  9.83737,0.1639562,     N,    0,    0,    0,
  591.344,  9.85573,0.1642622,     N,    0,    0,    0,
  592.422,  9.87370,0.1645616,     N,    0,    0,    0,
  593.523,  9.89206,0.1648676,     N,    0,    0,    0,
  594.617,  9.91029,0.1651714,     N,    0,    0,    0,
  595.727,  9.92878,0.1654796,     N,    0,    0,    0,
  596.805,  9.94674,0.1657791,     N,    0,    0,    0,
  597.883,  9.96471,0.1660786,     N,    0,    0,    0,
  599.008,  9.98346,0.1663911,     N,    0,    0,    0,
  600.102, 10.00169,0.1666949,     N,    0,    0,    0,
  601.180, 10.01966,0.1669944,     N,    0,    0,    0,
  602.266, 10.03776,0.1672960,     N,    0,    0,    0,
  603.406, 10.05677,0.1676128,     N,    0,    0,    0,
  604.500, 10.07500,0.1679167,     N,    0,    0,    0,
  605.570, 10.09284,0.1682140,     N,    0,    0,    0,
  606.688, 10.11146,0.1685243,     N,    0,    0,    0,
  607.781, 10.12969,0.1688281,     N,    0,    0,    0,
  608.852, 10.14753,0.1691254,     N,    0,    0,    0,
  609.938, 10.16563,0.1694271,     N,    0,    0,    0,
  611.031, 10.18385,0.1697309,     N,    0,    0,    0,
  612.102, 10.20169,0.1700282,     N,    0,    0,    0,
  613.195, 10.21992,0.1703320,     N,    0,    0,    0,
  614.297, 10.23828,0.1706380,     N,    0,    0,    0,
  615.383, 10.25638,0.1709397,     N,    0,    0,    0,
  616.453, 10.27422,0.1712370,     N,    0,    0,    0,
  617.547, 10.29245,0.1715408,     N,    0,    0,    0,
  618.633, 10.31055,0.1718424,     N,    0,    0,    0,
  619.719, 10.32865,0.1721441,     N,    0,    0,    0,
  620.781, 10.34635,0.1724392,     N,    0,    0,    0,
  621.859, 10.36432,0.1727387,     N,    0,    0,    0,
  622.930, 10.38216,0.1730360,     N,    0,    0,    0,
  623.984, 10.39974,0.1733290,     N,    0,    0,    0,
  625.047, 10.41745,0.1736241,     N,    0,    0,    0,
  626.109, 10.43516,0.1739193,     N,    0,    0,    0,
  627.195, 10.45326,0.1742209,     N,    0,    0,    0,
  628.273, 10.47122,0.1745204,     N,    0,    0,    0,
  629.344, 10.48906,0.1748177,     N,    0,    0,    0,
  630.406, 10.50677,0.1751128,     N,    0,    0,    0,
  631.203, 10.52005,0.1753342,     S,    0,    0,    0,
  632.477, 10.54128,0.1756879,     N,    0,    0,    0,
  633.562, 10.55937,0.1759896,     N,    0,    0,    0,
  634.656, 10.57760,0.1762934,     N,    0,    0,    0,
  635.758, 10.59596,0.1765994,     N,    0,    0,    0,
  636.820, 10.61367,0.1768945,     N,    0,    0,    0,
  637.867, 10.63112,0.1771853,     N,    0,    0,    0,
  638.953, 10.64922,0.1774870,     N,    0,    0,    0,
  640.039, 10.66732,0.1777886,     N,    0,    0,    0,
  641.078, 10.68464,0.1780773,     N,    0,    0,    0,
  642.117, 10.70195,0.1783659,     N,    0,    0,    0,
  643.211, 10.72018,0.1786697,     N,    0,    0,    0,
  644.234, 10.73724,0.1789540,     N,    0,    0,    0,
  645.297, 10.75495,0.1792491,     N,    0,    0,    0,
  646.375, 10.77292,0.1795486,     N,    0,    0,    0,
  647.406, 10.79010,0.1798351,     N,    0,    0,    0,
  648.461, 10.80768,0.1801280,     N,    0,    0,    0,
  649.570, 10.82617,0.1804362,     N,    0,    0,    0,
  650.648, 10.84414,0.1807357,     N,    0,    0,    0,
  651.688, 10.86146,0.1810243,     N,    0,    0,    0,
  652.734, 10.87891,0.1813151,     N,    0,    0,    0,
  653.836, 10.89727,0.1816211,     N,    0,    0,    0,
  654.898, 10.91497,0.1819162,     N,    0,    0,    0,
  655.945, 10.93242,0.1822070,     F,    0,    0,    0,
  657.039, 10.95065,0.1825109,     N,    0,    0,    0,
  658.133, 10.96888,0.1828147,     N,    0,    0,    0,
  659.203, 10.98672,0.1831120,     N,    0,    0,    0,
  660.281, 11.00469,0.1834115,     N,    0,    0,    0,
  661.375, 11.02292,0.1837153,     N,    0,    0,    0,
  662.438, 11.04063,0.1840104,     N,    0,    0,    0,
  663.508, 11.05846,0.1843077,     N,    0,    0,    0,
  664.617, 11.07695,0.1846159,     N,    0,    0,    0,
  665.734, 11.09557,0.1849262,     N,    0,    0,    0,
  666.812, 11.11354,0.1852257,     N,    0,    0,    0,
  667.914, 11.13190,0.1855317,     N,    0,    0,    0,
  669.031, 11.15052,0.1858420,     N,    0,    0,    0,
  670.133, 11.16888,0.1861480,     N,    0,    0,    0,
  671.234, 11.18724,0.1864540,     N,    0,    0,    0,
  672.344, 11.20573,0.1867622,     N,    0,    0,    0,
  673.414, 11.22357,0.1870595,     N,    0,    0,    0,
  674.500, 11.24167,0.1873611,     N,    0,    0,    0,
  675.586, 11.25977,0.1876628,     N,    0,    0,    0,
  676.672, 11.27786,0.1879644,     N,    0,    0,    0,
  677.758, 11.29596,0.1882661,     N,    0,    0,    0,
  678.820, 11.31367,0.1885612,     N,    0,    0,    0,
  679.930, 11.33216,0.1888694,     N,    0,    0,    0,
  681.031, 11.35052,0.1891753,     N,    0,    0,    0,
  682.117, 11.36862,0.1894770,     N,    0,    0,    0,
  683.188, 11.38646,0.1897743,     N,    0,    0,    0,
  684.250, 11.40417,0.1900694,     N,    0,    0,    0,
  685.344, 11.42240,0.1903733,     N,    0,    0,    0,
  686.430, 11.44049,0.1906749,     F,    0,    0,    0,
  687.523, 11.45872,0.1909787,     N,    0,    0,    0,
  688.609, 11.47682,0.1912804,     F,    0,    0,    0,
  689.727, 11.49544,0.1915907,     N,    0,    0,    0,
  690.828, 11.51380,0.1918967,     N,    0,    0,    0,
  691.930, 11.53216,0.1922027,     N,    0,    0,    0,
  693.039, 11.55065,0.1925109,     N,    0,    0,    0,
  694.133, 11.56888,0.1928147,     N,    0,    0,    0,
  695.250, 11.58750,0.1931250,     N,    0,    0,    0,
  696.344, 11.60573,0.1934288,     N,    0,    0,    0,
  697.430, 11.62383,0.1937305,     N,    0,    0,    0,
  698.516, 11.64193,0.1940321,     N,    0,    0,    0,
  699.594, 11.65990,0.1943316,     N,    0,    0,    0,
  700.641, 11.67734,0.1946224,     N,    0,    0,    0,
  701.688, 11.69479,0.1949132,     N,    0,    0,    0,
  702.719, 11.71198,0.1951997,     N,    0,    0,    0,
  703.727, 11.72878,0.1954796,     N,    0,    0,    0,
  704.711, 11.74518,0.1957530,     N,    0,    0,    0,
  705.672, 11.76120,0.1960200,     N,    0,    0,    0,
  706.633, 11.77721,0.1962869,     N,    0,    0,    0,
  707.625, 11.79375,0.1965625,     N,    0,    0,    0,
  708.609, 11.81016,0.1968359,     N,    0,    0,    0,
  709.570, 11.82617,0.1971029,     N,    0,    0,    0,
  710.555, 11.84258,0.1973763,     N,    0,    0,    0,
  711.562, 11.85938,0.1976563,     N,    0,    0,    0,
  712.586, 11.87643,0.1979405,     N,    0,    0,    0,
  713.586, 11.89310,0.1982183,     N,    0,    0,    0,
  714.617, 11.91029,0.1985048,     N,    0,    0,    0,
  715.680, 11.92799,0.1987999,     N,    0,    0,    0,
  716.711, 11.94518,0.1990864,     N,    0,    0,    0,
  717.758, 11.96263,0.1993772,     N,    0,    0,    0,
  718.820, 11.98034,0.1996723,     N,    0,    0,    0,
  719.883, 11.99805,0.1999674,     N,    0,    0,    0,
  720.930, 12.01549,0.2002582,     N,    0,    0,    0,
  721.992, 12.03320,0.2005534,     N,    0,    0,    0,
  723.062, 12.05104,0.2008507,     N,    0,    0,    0,
  724.094, 12.06823,0.2011372,     N,    0,    0,    0,
  725.148, 12.08581,0.2014301,     N,    0,    0,    0,
  726.211, 12.10352,0.2017253,     N,    0,    0,    0,
  727.266, 12.12109,0.2020182,     N,    0,    0,    0,
  728.312, 12.13854,0.2023090,     N,    0,    0,    0,
  729.352, 12.15586,0.2025977,     N,    0,    0,    0,
  730.406, 12.17344,0.2028906,     N,    0,    0,    0,
  731.469, 12.19115,0.2031858,     N,    0,    0,    0,
  732.547, 12.20911,0.2034852,     N,    0,    0,    0,
  733.625, 12.22708,0.2037847,     N,    0,    0,    0,
  734.719, 12.24531,0.2040885,     N,    0,    0,    0,
  735.797, 12.26328,0.2043880,     N,    0,    0,    0,
  736.883, 12.28138,0.2046897,     N,    0,    0,    0,
  737.961, 12.29935,0.2049891,     N,    0,    0,    0,
  739.039, 12.31732,0.2052886,     N,    0,    0,    0,
  740.117, 12.33529,0.2055881,     N,    0,    0,    0,
  741.188, 12.35313,0.2058854,     N,    0,    0,    0,
  742.242, 12.37070,0.2061784,     N,    0,    0,    0,
  743.266, 12.38776,0.2064627,     N,    0,    0,    0,
  744.312, 12.40521,0.2067535,     N,    0,    0,    0,
  745.359, 12.42266,0.2070443,     N,    0,    0,    0,
  746.383, 12.43971,0.2073286,     N,    0,    0,    0,
  747.398, 12.45664,0.2076107,     N,    0,    0,    0,
  748.461, 12.47435,0.2079058,     N,    0,    0,    0,
  749.516, 12.49193,0.2081988,     N,    0,    0,    0,
  750.531, 12.50885,0.2084809,     N,    0,    0,    0,
  751.578, 12.52630,0.2087717,     N,    0,    0,    0,
  752.617, 12.54362,0.2090603,     N,    0,    0,    0,
  753.656, 12.56094,0.2093490,     N,    0,    0,    0,
  754.680, 12.57799,0.2096332,     N,    0,    0,    0,
  755.750, 12.59583,0.2099306,     N,    0,    0,    0,
  756.805, 12.61341,0.2102235,     N,    0,    0,    0,
  757.828, 12.63047,0.2105078,     N,    0,    0,    0,
  758.891, 12.64818,0.2108030,     N,    0,    0,    0,
  759.961, 12.66602,0.2111003,     N,    0,    0,    0,
  761.000, 12.68333,0.2113889,     N,    0,    0,    0,
  762.039, 12.70065,0.2116775,     N,    0,    0,    0,
  763.109, 12.71849,0.2119748,     N,    0,    0,    0,
  764.148, 12.73581,0.2122635,     N,    0,    0,    0,
  765.211, 12.75352,0.2125586,     N,    0,    0,    0,
  766.273, 12.77122,0.2128537,     N,    0,    0,    0,
  767.344, 12.78906,0.2131510,     N,    0,    0,    0,
  768.398, 12.80664,0.2134440,     N,    0,    0,    0,
  769.477, 12.82461,0.2137435,     F,    0,    0,    0,
  770.570, 12.84284,0.2140473,     N,    0,    0,    0,
  771.656, 12.86094,0.2143490,     N,    0,    0,    0,
  772.734, 12.87891,0.2146484,     N,    0,    0,    0,
  773.797, 12.89661,0.2149436,     N,    0,    0,    0,
  774.836, 12.91393,0.2152322,     N,    0,    0,    0,
  775.906, 12.93177,0.2155295,     N,    0,    0,    0,
  776.961, 12.94935,0.2158225,     N,    0,    0,    0,
  778.023, 12.96706,0.2161176,     N,    0,    0,    0,
  779.062, 12.98438,0.2164062,     N,    0,    0,    0,
  780.125, 13.00208,0.2167014,     N,    0,    0,    0,
  781.180, 13.01966,0.2169944,     N,    0,    0,    0,
  782.195, 13.03659,0.2172765,     N,    0,    0,    0,
  783.227, 13.05378,0.2175629,     N,    0,    0,    0,
  784.281, 13.07135,0.2178559,     N,    0,    0,    0,
  785.328, 13.08880,0.2181467,     N,    0,    0,    0,
  786.352, 13.10586,0.2184310,     N,    0,    0,    0,
  787.430, 13.12383,0.2187305,     N,    0,    0,    0,
  788.477, 13.14128,0.2190213,     N,    0,    0,    0,
  789.508, 13.15846,0.2193077,     N,    0,    0,    0,
  790.609, 13.17682,0.2196137,     N,    0,    0,    0,
  791.680, 13.19466,0.2199110,     N,    0,    0,    0,
  792.750, 13.21250,0.2202083,     N,    0,    0,    0,
  793.859, 13.23099,0.2205165,     N,    0,    0,    0,
  794.961, 13.24935,0.2208225,     N,    0,    0,    0,
  796.023, 13.26706,0.2211176,     N,    0,    0,    0,
  797.141, 13.28568,0.2214280,     N,    0,    0,    0,
  798.234, 13.30391,0.2217318,     N,    0,    0,    0,
  799.289, 13.32148,0.2220247,     N,    0,    0,    0,
  800.375, 13.33958,0.2223264,     N,    0,    0,    0,
  801.469, 13.35781,0.2226302,     N,    0,    0,    0,
  802.555, 13.37591,0.2229319,     N,    0,    0,    0,
  803.648, 13.39414,0.2232357,     N,    0,    0,    0,
  804.719, 13.41198,0.2235330,     N,    0,    0,    0,
  805.766, 13.42943,0.2238238,     N,    0,    0,    0,
  806.852, 13.44753,0.2241254,     N,    0,    0,    0,
  807.930, 13.46549,0.2244249,     N,    0,    0,    0,
  808.992, 13.48320,0.2247201,     N,    0,    0,    0,
  810.039, 13.50065,0.2250109,     N,    0,    0,    0,
  811.117, 13.51862,0.2253103,     N,    0,    0,    0,
  812.195, 13.53659,0.2256098,     N,    0,    0,    0,
  813.227, 13.55378,0.2258963,     N,    0,    0,    0,
  814.289, 13.57148,0.2261914,     N,    0,    0,    0,
  815.383, 13.58971,0.2264952,     N,    0,    0,    0,
  816.445, 13.60742,0.2267904,     N,    0,    0,    0,
  817.492, 13.62487,0.2270812,     N,    0,    0,    0,
  818.578, 13.64297,0.2273828,     N,    0,    0,    0,
  819.641, 13.66068,0.2276780,     F,    0,    0,    0,
  820.703, 13.67839,0.2279731,     N,    0,    0,    0,
  821.812, 13.69688,0.2282812,     N,    0,    0,    0,
  822.914, 13.71523,0.2285872,     N,    0,    0,    0,
  823.969, 13.73281,0.2288802,     N,    0,    0,    0,
  825.055, 13.75091,0.2291819,     N,    0,    0,    0,
  826.156, 13.76927,0.2294878,     N,    0,    0,    0,
  827.250, 13.78750,0.2297917,     N,    0,    0,    0,
  828.312, 13.80521,0.2300868,     N,    0,    0,    0,
  829.430, 13.82383,0.2303971,     N,    0,    0,    0,
  830.531, 13.84219,0.2307031,     N,    0,    0,    0,
  831.625, 13.86042,0.2310069,     N,    0,    0,    0,
  832.695, 13.87826,0.2313043,     N,    0,    0,    0,
  833.805, 13.89674,0.2316124,     N,    0,    0,    0,
  834.906, 13.91510,0.2319184,     N,    0,    0,    0,
  835.961, 13.93268,0.2322114,     N,    0,    0,    0,
  837.023, 13.95039,0.2325065,     N,    0,    0,    0,
  838.117, 13.96862,0.2328103,     N,    0,    0,    0,
  839.180, 13.98633,0.2331055,     N,    0,    0,    0,
  840.227, 14.00378,0.2333963,     N,    0,    0,    0,
  841.328, 14.02214,0.2337023,     N,    0,    0,    0,
  842.414, 14.04023,0.2340039,     N,    0,    0,    0,
  843.477, 14.05794,0.2342990,     N,    0,    0,    0,
  844.570, 14.07617,0.2346029,     N,    0,    0,    0,
  845.688, 14.09479,0.2349132,     N,    0,    0,    0,
  846.734, 14.11224,0.2352040,     N,    0,    0,    0,
  847.797, 14.12995,0.2354991,     N,    0,    0,    0,
  848.914, 14.14857,0.2358095,     N,    0,    0,    0,
  849.984, 14.16641,0.2361068,     N,    0,    0,    0,
  851.055, 14.18424,0.2364041,     N,    0,    0,    0,
  852.203, 14.20339,0.2367231,     N,    0,    0,    0,
  853.281, 14.22135,0.2370226,     N,    0,    0,    0,
  854.359, 14.23932,0.2373220,     N,    0,    0,    0,
  855.500, 14.25833,0.2376389,     N,    0,    0,    0,
  856.586, 14.27643,0.2379405,     V,    0,    0,    0,
  857.688, 14.29479,0.2382465,     N,    0,    0,    0,
  858.828, 14.31380,0.2385634,     N,    0,    0,    0,
  859.922, 14.33203,0.2388672,     V,    0,    0,    0,
  861.016, 14.35026,0.2391710,     N,    0,    0,    0,
  862.125, 14.36875,0.2394792,     N,    0,    0,    0,
  863.211, 14.38685,0.2397808,     N,    0,    0,    0,
  864.273, 14.40456,0.2400760,     N,    0,    0,    0,
  865.352, 14.42253,0.2403754,     N,    0,    0,    0,
  866.430, 14.44049,0.2406749,     N,    0,    0,    0,
  867.477, 14.45794,0.2409657,     N,    0,    0,    0,
  868.500, 14.47500,0.2412500,     N,    0,    0,    0,
  869.602, 14.49336,0.2415560,     N,    0,    0,    0,
  870.664, 14.51107,0.2418511,     N,    0,    0,    0,
  871.703, 14.52839,0.2421398,     N,    0,    0,    0,
  872.758, 14.54596,0.2424327,     N,    0,    0,    0,
  873.820, 14.56367,0.2427279,     N,    0,    0,    0,
  874.844, 14.58073,0.2430122,     N,    0,    0,    0,
  875.891, 14.59818,0.2433030,     N,    0,    0,    0,
  876.969, 14.61615,0.2436024,     N,    0,    0,    0,
  878.000, 14.63333,0.2438889,     N,    0,    0,    0,
  879.047, 14.65078,0.2441797,     N,    0,    0,    0,
  880.125, 14.66875,0.2444792,     N,    0,    0,    0,
  881.164, 14.68607,0.2447678,     V,    0,    0,    0,
  882.227, 14.70378,0.2450629,     N,    0,    0,    0,
  883.328, 14.72214,0.2453689,     N,    0,    0,    0,
  884.406, 14.74010,0.2456684,     N,    0,    0,    0,
  885.453, 14.75755,0.2459592,     N,    0,    0,    0,
  886.555, 14.77591,0.2462652,     N,    0,    0,    0,
  887.633, 14.79388,0.2465647,     N,    0,    0,    0,
  888.695, 14.81159,0.2468598,     N,    0,    0,    0,
  889.797, 14.82995,0.2471658,     N,    0,    0,    0,
  890.914, 14.84857,0.2474761,     N,    0,    0,    0,
  891.984, 14.86641,0.2477734,     N,    0,    0,    0,
  893.062, 14.88438,0.2480729,     N,    0,    0,    0,
  894.164, 14.90273,0.2483789,     N,    0,    0,    0,
  895.289, 14.92148,0.2486914,     N,    0,    0,    0,
  896.398, 14.93997,0.2489996,     N,    0,    0,    0,
  897.477, 14.95794,0.2492990,     N,    0,    0,    0,
  898.547, 14.97578,0.2495964,     N,    0,    0,    0,
  899.641, 14.99401,0.2499002,     N,    0,    0,    0,
  900.750, 15.01250,0.2502083,     N,    0,    0,    0,
  901.812, 15.03021,0.2505035,     N,    0,    0,    0,
  902.891, 15.04818,0.2508030,     N,    0,    0,    0,
  903.984, 15.06641,0.2511068,     N,    0,    0,    0,
  905.086, 15.08477,0.2514128,     N,    0,    0,    0,
  906.156, 15.10260,0.2517101,     N,    0,    0,    0,
  907.234, 15.12057,0.2520095,     N,    0,    0,    0,
  908.320, 15.13867,0.2523112,     N,    0,    0,    0,
  909.359, 15.15599,0.2525998,     N,    0,    0,    0,
  910.383, 15.17305,0.2528841,     N,    0,    0,    0,
  911.430, 15.19049,0.2531749,     N,    0,    0,    0,
  912.492, 15.20820,0.2534701,     N,    0,    0,    0,
  913.508, 15.22513,0.2537522,     N,    0,    0,    0,
  914.547, 15.24245,0.2540408,     N,    0,    0,    0,
  915.656, 15.26094,0.2543490,     N,    0,    0,    0,
  916.703, 15.27839,0.2546398,     F,    0,    0,    0,
  917.766, 15.29609,0.2549349,     N,    0,    0,    0,
  918.883, 15.31471,0.2552452,     N,    0,    0,    0,
  919.945, 15.33242,0.2555404,     N,    0,    0,    0,
  920.789, 15.34648,0.2557747,     S,    0,    0,    0,
  922.039, 15.36732,0.2561220,     N,    0,    0,    0,
  923.164, 15.38607,0.2564345,     N,    0,    0,    0,
  924.188, 15.40312,0.2567187,     V,    0,    0,    0,
  925.234, 15.42057,0.2570095,     N,    0,    0,    0,
  926.320, 15.43867,0.2573112,     N,    0,    0,    0,
  927.336, 15.45560,0.2575933,     N,    0,    0,    0,
  928.367, 15.47279,0.2578798,     N,    0,    0,    0,
  929.414, 15.49023,0.2581706,     N,    0,    0,    0,
  930.414, 15.50690,0.2584484,     N,    0,    0,    0,
  931.469, 15.52448,0.2587413,     N,    0,    0,    0,
  932.555, 15.54258,0.2590430,     N,    0,    0,    0,
  933.609, 15.56016,0.2593359,     N,    0,    0,    0,
  934.688, 15.57812,0.2596354,     N,    0,    0,    0,
  935.773, 15.59622,0.2599371,     N,    0,    0,    0,
  936.867, 15.61445,0.2602409,     N,    0,    0,    0,
  937.938, 15.63229,0.2605382,     N,    0,    0,    0,
  939.062, 15.65104,0.2608507,     N,    0,    0,    0,
  940.195, 15.66992,0.2611654,     N,    0,    0,    0,
  941.320, 15.68867,0.2614779,     N,    0,    0,    0,
  942.430, 15.70716,0.2617860,     N,    0,    0,    0,
  943.539, 15.72565,0.2620942,     N,    0,    0,    0,
  944.656, 15.74427,0.2624045,     N,    0,    0,    0,
  945.742, 15.76237,0.2627062,     N,    0,    0,    0,
  946.852, 15.78086,0.2630143,     N,    0,    0,    0,
  947.938, 15.79896,0.2633160,     N,    0,    0,    0,
  949.016, 15.81693,0.2636155,     N,    0,    0,    0,
  950.109, 15.83516,0.2639193,     N,    0,    0,    0,
  951.180, 15.85299,0.2642166,     N,    0,    0,    0,
  952.266, 15.87109,0.2645182,     N,    0,    0,    0,
  953.352, 15.88919,0.2648199,     N,    0,    0,    0,
  954.430, 15.90716,0.2651194,     N,    0,    0,    0,
  955.492, 15.92487,0.2654145,     N,    0,    0,    0,
  956.578, 15.94297,0.2657161,     N,    0,    0,    0,
  957.672, 15.96120,0.2660200,     N,    0,    0,    0,
  958.766, 15.97943,0.2663238,     N,    0,    0,    0,
  959.820, 15.99701,0.2666168,     N,    0,    0,    0,
  960.867, 16.01445,0.2669076,     N,    0,    0,    0,
  961.945, 16.03242,0.2672070,     N,    0,    0,    0,
  963.016, 16.05026,0.2675043,     N,    0,    0,    0,
  964.055, 16.06758,0.2677930,     N,    0,    0,    0,
  965.117, 16.08529,0.2680881,     N,    0,    0,    0,
  966.219, 16.10365,0.2683941,     N,    0,    0,    0,
  967.297, 16.12161,0.2686936,     N,    0,    0,    0,
  968.367, 16.13945,0.2689909,     N,    0,    0,    0,
  969.469, 16.15781,0.2692969,     N,    0,    0,    0,
  970.531, 16.17552,0.2695920,     N,    0,    0,    0,
  971.602, 16.19336,0.2698893,     N,    0,    0,    0,
  972.750, 16.21250,0.2702083,     N,    0,    0,    0,
  973.891, 16.23151,0.2705252,     N,    0,    0,    0,
  974.961, 16.24935,0.2708225,     N,    0,    0,    0,
  976.086, 16.26810,0.2711350,     N,    0,    0,    0,
  977.188, 16.28646,0.2714410,     N,    0,    0,    0,
  978.242, 16.30404,0.2717339,     N,    0,    0,    0,
  979.336, 16.32227,0.2720378,     N,    0,    0,    0,
  980.484, 16.34141,0.2723568,     N,    0,    0,    0,
  981.617, 16.36029,0.2726714,     N,    0,    0,    0,
  982.703, 16.37839,0.2729731,     N,    0,    0,    0,
  983.820, 16.39701,0.2732834,     N,    0,    0,    0,
  984.922, 16.41536,0.2735894,     N,    0,    0,    0,
  986.039, 16.43398,0.2738997,     N,    0,    0,    0,
  987.156, 16.45260,0.2742101,     N,    0,    0,    0,
  988.234, 16.47057,0.2745095,     N,    0,    0,    0,
  989.328, 16.48880,0.2748134,     N,    0,    0,    0,
  990.422, 16.50703,0.2751172,     N,    0,    0,    0,
  991.500, 16.52500,0.2754167,     N,    0,    0,    0,
  992.570, 16.54284,0.2757140,     N,    0,    0,    0,
  993.688, 16.56146,0.2760243,     N,    0,    0,    0,
  994.797, 16.57995,0.2763325,     N,    0,    0,    0,
  995.906, 16.59844,0.2766406,     N,    0,    0,    0,
  996.984, 16.61641,0.2769401,     N,    0,    0,    0,
  998.086, 16.63477,0.2772461,     N,    0,    0,    0,
  999.172, 16.65286,0.2775477,     N,    0,    0,    0,
 1000.227, 16.67044,0.2778407,     N,    0,    0,    0,
 1001.312, 16.68854,0.2781424,     N,    0,    0,    0,
 1002.414, 16.70690,0.2784484,     N,    0,    0,    0,
 1003.492, 16.72487,0.2787478,     N,    0,    0,    0,
 1004.547, 16.74245,0.2790408,     N,    0,    0,    0,
 1005.641, 16.76068,0.2793446,     N,    0,    0,    0,
 1006.734, 16.77891,0.2796484,     N,    0,    0,    0,
 1007.797, 16.79661,0.2799436,     N,    0,    0,    0,
 1008.906, 16.81510,0.2802517,     N,    0,    0,    0,
 1010.023, 16.83372,0.2805621,     N,    0,    0,    0,
 1011.086, 16.85143,0.2808572,     N,    0,    0,    0,
 1012.172, 16.86953,0.2811589,     N,    0,    0,    0,
 1013.312, 16.88854,0.2814757,     N,    0,    0,    0,
 1014.375, 16.90625,0.2817708,     N,    0,    0,    0,
 1015.430, 16.92383,0.2820638,     N,    0,    0,    0,
 1016.539, 16.94232,0.2823720,     N,    0,    0,    0,
 1017.594, 16.95990,0.2826649,     N,    0,    0,    0,
 1018.641, 16.97734,0.2829557,     N,    0,    0,    0,
 1019.711, 16.99518,0.2832530,     N,    0,    0,    0,
 1020.742, 17.01237,0.2835395,     N,    0,    0,    0,
 1021.805, 17.03008,0.2838346,     N,    0,    0,    0,
 1022.852, 17.04753,0.2841254,     N,    0,    0,    0,
 1023.883, 17.06471,0.2844119,     F,    0,    0,    0,
 1024.969, 17.08281,0.2847135,     N,    0,    0,    0,
 1026.039, 17.10065,0.2850109,     N,    0,    0,    0,
 1027.109, 17.11849,0.2853082,     N,    0,    0,    0,
 1028.266, 17.13776,0.2856293,     N,    0,    0,    0,
 1029.383, 17.15638,0.2859397,     N,    0,    0,    0,
 1030.508, 17.17513,0.2862522,     N,    0,    0,    0,
 1031.648, 17.19414,0.2865690,     N,    0,    0,    0,
 1032.773, 17.21289,0.2868815,     N,    0,    0,    0,
 1033.891, 17.23151,0.2871918,     N,    0,    0,    0,
 1035.039, 17.25065,0.2875109,     N,    0,    0,    0,
 1036.172, 17.26953,0.2878255,     N,    0,    0,    0,
 1037.312, 17.28854,0.2881424,     N,    0,    0,    0,
 1038.438, 17.30729,0.2884549,     N,    0,    0,    0,
 1039.555, 17.32591,0.2887652,     N,    0,    0,    0,
 1040.648, 17.34414,0.2890690,     N,    0,    0,    0,
 1041.750, 17.36250,0.2893750,     N,    0,    0,    0,
 1042.828, 17.38047,0.2896745,     N,    0,    0,    0,
 1043.906, 17.39844,0.2899740,     N,    0,    0,    0,
 1044.992, 17.41654,0.2902756,     N,    0,    0,    0,
 1046.078, 17.43464,0.2905773,     N,    0,    0,    0,
 1047.133, 17.45221,0.2908702,     N,    0,    0,    0,
 1048.211, 17.47018,0.2911697,     N,    0,    0,    0,
 1049.273, 17.48789,0.2914648,     N,    0,    0,    0,
 1050.312, 17.50521,0.2917535,     N,    0,    0,    0,
 1051.383, 17.52305,0.2920508,     N,    0,    0,    0,
 1052.445, 17.54076,0.2923459,     N,    0,    0,    0,
 1053.492, 17.55820,0.2926367,     N,    0,    0,    0,
 1054.523, 17.57539,0.2929232,     N,    0,    0,    0,
 1055.594, 17.59323,0.2932205,     N,    0,    0,    0,
 1056.703, 17.61172,0.2935286,     N,    0,    0,    0,
 1057.789, 17.62982,0.2938303,     N,    0,    0,    0,
 1058.875, 17.64792,0.2941319,     N,    0,    0,    0,
 1060.047, 17.66745,0.2944575,     N,    0,    0,    0,
 1061.188, 17.68646,0.2947743,     N,    0,    0,    0,
 1062.289, 17.70482,0.2950803,     N,    0,    0,    0,
 1063.422, 17.72370,0.2953950,     N,    0,    0,    0,
 1064.562, 17.74271,0.2957118,     N,    0,    0,    0,
 1065.680, 17.76133,0.2960221,     N,    0,    0,    0,
 1066.766, 17.77943,0.2963238,     N,    0,    0,    0,
 1067.844, 17.79740,0.2966233,     N,    0,    0,    0,
 1068.945, 17.81576,0.2969293,     N,    0,    0,    0,
 1070.031, 17.83385,0.2972309,     N,    0,    0,    0,
 1071.094, 17.85156,0.2975260,     N,    0,    0,    0,
 1072.172, 17.86953,0.2978255,     N,    0,    0,    0,
 1073.266, 17.88776,0.2981293,     N,    0,    0,    0,
 1074.336, 17.90560,0.2984266,     N,    0,    0,    0,
 1075.430, 17.92383,0.2987305,     N,    0,    0,    0,
 1076.547, 17.94245,0.2990408,     N,    0,    0,    0,
 1077.625, 17.96042,0.2993403,     N,    0,    0,    0,
 1078.703, 17.97839,0.2996398,     N,    0,    0,    0,
 1079.828, 17.99714,0.2999523,     N,    0,    0,    0,
 1080.945, 18.01576,0.3002626,     N,    0,    0,    0,
 1082.047, 18.03411,0.3005686,     N,    0,    0,    0,
 1083.148, 18.05247,0.3008746,     N,    0,    0,    0,
 1084.258, 18.07096,0.3011827,     N,    0,    0,    0,
 1085.156, 18.08594,0.3014323,     S,    0,    0,    0,
 1086.391, 18.10651,0.3017752,     N,    0,    0,    0,
 1087.500, 18.12500,0.3020833,     N,    0,    0,    0,
 1088.609, 18.14349,0.3023915,     N,    0,    0,    0,
 1089.680, 18.16133,0.3026888,     N,    0,    0,    0,
 1090.734, 18.17891,0.3029818,     N,    0,    0,    0,
 1091.820, 18.19701,0.3032834,     N,    0,    0,    0,
 1092.898, 18.21497,0.3035829,     N,    0,    0,    0,
 1093.953, 18.23255,0.3038759,     N,    0,    0,    0,
 1095.039, 18.25065,0.3041775,     N,    0,    0,    0,
 1096.141, 18.26901,0.3044835,     N,    0,    0,    0,
 1097.211, 18.28685,0.3047808,     N,    0,    0,    0,
 1098.258, 18.30430,0.3050716,     N,    0,    0,    0,
 1099.367, 18.32279,0.3053798,     N,    0,    0,    0,
 1100.469, 18.34115,0.3056858,     N,    0,    0,    0,
 1101.531, 18.35885,0.3059809,     N,    0,    0,    0,
 1102.594, 18.37656,0.3062760,     N,    0,    0,    0,
 1103.703, 18.39505,0.3065842,     N,    0,    0,    0,
 1104.773, 18.41289,0.3068815,     N,    0,    0,    0,
 1105.836, 18.43060,0.3071766,     N,    0,    0,    0,
 1106.953, 18.44922,0.3074870,     N,    0,    0,    0,
 1108.047, 18.46745,0.3077908,     N,    0,    0,    0,
 1109.125, 18.48542,0.3080903,     N,    0,    0,    0,
 1110.195, 18.50326,0.3083876,     N,    0,    0,    0,
 1111.305, 18.52174,0.3086957,     N,    0,    0,    0,
 1112.367, 18.53945,0.3089909,     N,    0,    0,    0,
 1113.453, 18.55755,0.3092925,     N,    0,    0,    0,
 1114.555, 18.57591,0.3095985,     N,    0,    0,    0,
 1115.617, 18.59362,0.3098937,     N,    0,    0,    0,
 1116.734, 18.61224,0.3102040,     N,    0,    0,    0,
 1117.820, 18.63034,0.3105056,     N,    0,    0,    0,
 1118.891, 18.64818,0.3108030,     N,    0,    0,    0,
 1120.023, 18.66706,0.3111176,     N,    0,    0,    0,
 1121.141, 18.68568,0.3114280,     N,    0,    0,    0,
 1122.234, 18.70391,0.3117318,     N,    0,    0,    0,
 1123.414, 18.72357,0.3120595,     N,    0,    0,    0,
 1124.555, 18.74258,0.3123763,     N,    0,    0,    0,
 1125.672, 18.76120,0.3126866,     N,    0,    0,    0,
 1126.828, 18.78047,0.3130078,     N,    0,    0,    0,
 1127.984, 18.79974,0.3133290,     N,    0,    0,    0,
 1129.094, 18.81823,0.3136372,     N,    0,    0,    0,
 1130.281, 18.83802,0.3139670,     N,    0,    0,    0,
 1131.453, 18.85755,0.3142925,     N,    0,    0,    0,
 1132.609, 18.87682,0.3146137,     N,    0,    0,    0,
 1133.750, 18.89583,0.3149306,     N,    0,    0,    0,
 1134.883, 18.91471,0.3152452,     N,    0,    0,    0,
 1136.023, 18.93372,0.3155621,     N,    0,    0,    0,
 1137.156, 18.95260,0.3158767,     N,    0,    0,    0,
 1138.266, 18.97109,0.3161849,     N,    0,    0,    0,
 1139.398, 18.98997,0.3164996,     N,    0,    0,    0,
 1140.500, 19.00833,0.3168056,     N,    0,    0,    0,
 1141.586, 19.02643,0.3171072,     N,    0,    0,    0,
 1142.680, 19.04466,0.3174110,     N,    0,    0,    0,
 1143.750, 19.06250,0.3177083,     N,    0,    0,    0,
 1144.828, 19.08047,0.3180078,     N,    0,    0,    0,
 1145.898, 19.09831,0.3183051,     N,    0,    0,    0,
 1146.969, 19.11615,0.3186024,     N,    0,    0,    0,
 1148.016, 19.13359,0.3188932,     V,    0,    0,    0,
 1149.117, 19.15195,0.3191992,     N,    0,    0,    0,
 1150.234, 19.17057,0.3195095,     N,    0,    0,    0,
 1151.320, 19.18867,0.3198112,     N,    0,    0,    0,
 1152.391, 19.20651,0.3201085,     N,    0,    0,    0,
 1153.516, 19.22526,0.3204210,     N,    0,    0,    0,
 1154.680, 19.24466,0.3207444,     N,    0,    0,    0,
 1155.766, 19.26276,0.3210460,     N,    0,    0,    0,
 1156.859, 19.28099,0.3213498,     N,    0,    0,    0,
 1157.969, 19.29948,0.3216580,     N,    0,    0,    0,
 1159.047, 19.31745,0.3219575,     N,    0,    0,    0,
 1160.109, 19.33516,0.3222526,     N,    0,    0,    0,
 1161.211, 19.35352,0.3225586,     N,    0,    0,    0,
 1162.250, 19.37083,0.3228472,     N,    0,    0,    0,
 1163.312, 19.38854,0.3231424,     N,    0,    0,    0,
 1164.406, 19.40677,0.3234462,     N,    0,    0,    0,
 1165.445, 19.42409,0.3237348,     N,    0,    0,    0,
 1166.477, 19.44128,0.3240213,     N,    0,    0,    0,
 1167.570, 19.45951,0.3243251,     N,    0,    0,    0,
 1168.641, 19.47734,0.3246224,     N,    0,    0,    0,
 1169.680, 19.49466,0.3249110,     N,    0,    0,    0,
 1170.781, 19.51302,0.3252170,     N,    0,    0,    0,
 1171.852, 19.53086,0.3255143,     N,    0,    0,    0,
 1172.898, 19.54831,0.3258051,     N,    0,    0,    0,
 1174.008, 19.56680,0.3261133,     N,    0,    0,    0,
 1175.109, 19.58516,0.3264193,     N,    0,    0,    0,
 1176.172, 19.60286,0.3267144,     N,    0,    0,    0,
 1177.289, 19.62148,0.3270247,     N,    0,    0,    0,
 1178.414, 19.64023,0.3273372,     N,    0,    0,    0,
 1179.492, 19.65820,0.3276367,     N,    0,    0,    0,
 1180.594, 19.67656,0.3279427,     N,    0,    0,    0,
 1181.719, 19.69531,0.3282552,     N,    0,    0,    0,
 1182.836, 19.71393,0.3285655,     N,    0,    0,    0,
 1183.930, 19.73216,0.3288694,     N,    0,    0,    0,
 1185.055, 19.75091,0.3291819,     N,    0,    0,    0,
 1186.180, 19.76966,0.3294944,     N,    0,    0,    0,
 1187.336, 19.78893,0.3298155,     N,    0,    0,    0,
 1188.484, 19.80807,0.3301345,     N,    0,    0,    0,
 1189.594, 19.82656,0.3304427,     N,    0,    0,    0,
 1190.719, 19.84531,0.3307552,     N,    0,    0,    0,
 1191.836, 19.86393,0.3310655,     N,    0,    0,    0,
 1192.945, 19.88242,0.3313737,     N,    0,    0,    0,
 1194.047, 19.90078,0.3316797,     N,    0,    0,    0,
 1195.141, 19.91901,0.3319835,     N,    0,    0,    0,
 1196.242, 19.93737,0.3322895,     N,    0,    0,    0,
 1197.328, 19.95547,0.3325911,     N,    0,    0,    0,
 1198.430, 19.97383,0.3328971,     N,    0,    0,    0,
 1199.523, 19.99206,0.3332010,     N,    0,    0,    0,
 1200.648, 20.01081,0.3335135,     N,    0,    0,    0,
 1201.766, 20.02943,0.3338238,     N,    0,    0,    0,
 1202.875, 20.04792,0.3341319,     N,    0,    0,    0,
 1203.961, 20.06602,0.3344336,     N,    0,    0,    0,
 1205.070, 20.08451,0.3347418,     N,    0,    0,    0,
 1206.180, 20.10299,0.3350499,     N,    0,    0,    0,
 1207.266, 20.12109,0.3353516,     N,    0,    0,    0,
 1208.359, 20.13932,0.3356554,     N,    0,    0,    0,
 1209.461, 20.15768,0.3359614,     N,    0,    0,    0,
 1210.523, 20.17539,0.3362565,     N,    0,    0,    0,
 1211.594, 20.19323,0.3365538,     N,    0,    0,    0,
 1212.695, 20.21159,0.3368598,     N,    0,    0,    0,
 1213.773, 20.22956,0.3371593,     N,    0,    0,    0,
 1214.836, 20.24727,0.3374544,     N,    0,    0,    0,
 1215.922, 20.26536,0.3377561,     N,    0,    0,    0,
 1217.047, 20.28411,0.3380686,     N,    0,    0,    0,
 1218.133, 20.30221,0.3383702,     N,    0,    0,    0,
 1219.234, 20.32057,0.3386762,     N,    0,    0,    0,
 1220.344, 20.33906,0.3389844,     N,    0,    0,    0,
 1221.422, 20.35703,0.3392839,     N,    0,    0,    0,
 1222.500, 20.37500,0.3395833,     N,    0,    0,    0,
 1223.609, 20.39349,0.3398915,     N,    0,    0,    0,
 1224.688, 20.41146,0.3401910,     N,    0,    0,    0,
 1225.773, 20.42956,0.3404926,     N,    0,    0,    0,
 1226.820, 20.44701,0.3407834,     N,    0,    0,    0,
 1227.922, 20.46536,0.3410894,     N,    0,    0,    0,
 1228.984, 20.48307,0.3413845,     N,    0,    0,    0,
 1230.023, 20.50039,0.3416732,     N,    0,    0,    0,
 1231.133, 20.51888,0.3419813,     N,    0,    0,    0,
 1232.172, 20.53620,0.3422700,     N,    0,    0,    0,
 1233.211, 20.55352,0.3425586,     N,    0,    0,    0,
 1234.281, 20.57135,0.3428559,     N,    0,    0,    0,
 1235.312, 20.58854,0.3431424,     N,    0,    0,    0,
 1236.391, 20.60651,0.3434418,     N,    0,    0,    0,
 1237.453, 20.62422,0.3437370,     N,    0,    0,    0,
 1238.461, 20.64102,0.3440169,     N,    0,    0,    0,
 1239.484, 20.65807,0.3443012,     N,    0,    0,    0,
 1240.539, 20.67565,0.3445942,     N,    0,    0,    0,
 1241.609, 20.69349,0.3448915,     N,    0,    0,    0,
 1242.672, 20.71120,0.3451866,     N,    0,    0,    0,
 1243.789, 20.72982,0.3454970,     N,    0,    0,    0,
 1244.922, 20.74870,0.3458116,     N,    0,    0,    0,
 1246.070, 20.76784,0.3461306,     N,    0,    0,    0,
 1247.133, 20.78555,0.3464258,     V,    0,    0,    0,
 1248.328, 20.80547,0.3467578,     N,    0,    0,    0,
 1249.453, 20.82422,0.3470703,     N,    0,    0,    0,
 1250.594, 20.84323,0.3473872,     N,    0,    0,    0,
 1251.727, 20.86211,0.3477018,     N,    0,    0,    0,
 1252.859, 20.88099,0.3480165,     N,    0,    0,    0,
 1253.992, 20.89987,0.3483312,     N,    0,    0,    0,
 1255.125, 20.91875,0.3486458,     N,    0,    0,    0,
 1256.234, 20.93724,0.3489540,     N,    0,    0,    0,
 1257.344, 20.95573,0.3492622,     N,    0,    0,    0,
 1258.453, 20.97422,0.3495703,     N,    0,    0,    0,
 1259.562, 20.99271,0.3498785,     N,    0,    0,    0,
 1260.672, 21.01120,0.3501866,     N,    0,    0,    0,
 1261.773, 21.02956,0.3504926,     N,    0,    0,    0,
 1262.898, 21.04831,0.3508051,     N,    0,    0,    0,
 1263.992, 21.06654,0.3511089,     N,    0,    0,    0,
 1264.750, 21.07917,0.3513194,     S,    0,    0,    0,
 1266.070, 21.10117,0.3516862,     N,    0,    0,    0,
 1267.219, 21.12031,0.3520052,     V,    0,    0,    0,
 1268.336, 21.13893,0.3523155,     N,    0,    0,    0,
 1269.453, 21.15755,0.3526259,     N,    0,    0,    0,
 1270.336, 21.17227,0.3528711,     S,    0,    0,    0,
 1271.867, 21.19779,0.3532964,     N,    0,    0,    0,
 1273.078, 21.21797,0.3536328,     N,    0,    0,    0,
 1274.273, 21.23789,0.3539648,     N,    0,    0,    0,
 1275.359, 21.25599,0.3542665,     F,    0,    0,    0,
 1276.430, 21.27383,0.3545638,     N,    0,    0,    0,
 1277.500, 21.29167,0.3548611,     N,    0,    0,    0,
 1278.578, 21.30964,0.3551606,     N,    0,    0,    0,
 1279.617, 21.32695,0.3554492,     V,    0,    0,    0,
 1280.672, 21.34453,0.3557422,     N,    0,    0,    0,
 1281.781, 21.36302,0.3560503,     N,    0,    0,    0,
 1282.844, 21.38073,0.3563455,     N,    0,    0,    0,
 1283.914, 21.39857,0.3566428,     N,    0,    0,    0,
 1285.031, 21.41719,0.3569531,     N,    0,    0,    0,
 1286.148, 21.43581,0.3572635,     N,    0,    0,    0,
 1287.203, 21.45339,0.3575564,     N,    0,    0,    0,
 1288.289, 21.47148,0.3578581,     N,    0,    0,    0,
 1289.391, 21.48984,0.3581641,     N,    0,    0,    0,
 1290.461, 21.50768,0.3584614,     N,    0,    0,    0,
 1291.523, 21.52539,0.3587565,     F,    0,    0,    0,
 1292.672, 21.54453,0.3590755,     N,    0,    0,    0,
 1293.828, 21.56380,0.3593967,     N,    0,    0,    0,
 1294.914, 21.58190,0.3596984,     N,    0,    0,    0,
 1296.078, 21.60130,0.3600217,     N,    0,    0,    0,
 1297.180, 21.61966,0.3603277,     N,    0,    0,    0,
 1298.242, 21.63737,0.3606228,     F,    0,    0,    0,
 1299.328, 21.65547,0.3609245,     N,    0,    0,    0,
 1300.414, 21.67357,0.3612261,     N,    0,    0,    0,
 1301.469, 21.69115,0.3615191,     N,    0,    0,    0,
 1302.500, 21.70833,0.3618056,     N,    0,    0,    0,
 1303.578, 21.72630,0.3621050,     N,    0,    0,    0,
 1304.594, 21.74323,0.3623872,     N,    0,    0,    0,
 1305.609, 21.76016,0.3626693,     F,    0,    0,    0,
 1306.672, 21.77786,0.3629644,     N,    0,    0,    0,
 1307.695, 21.79492,0.3632487,     N,    0,    0,    0,
 1308.734, 21.81224,0.3635373,     N,    0,    0,    0,
 1309.805, 21.83008,0.3638346,     N,    0,    0,    0,
 1310.828, 21.84714,0.3641189,     N,    0,    0,    0,
 1311.898, 21.86497,0.3644162,     N,    0,    0,    0,
 1312.984, 21.88307,0.3647179,     N,    0,    0,    0,
 1314.039, 21.90065,0.3650109,     N,    0,    0,    0,
 1315.133, 21.91888,0.3653147,     N,    0,    0,    0,
 1316.250, 21.93750,0.3656250,     N,    0,    0,    0,
 1317.344, 21.95573,0.3659288,     N,    0,    0,    0,
 1318.461, 21.97435,0.3662391,     N,    0,    0,    0,
 1319.648, 21.99414,0.3665690,     N,    0,    0,    0,
 1320.859, 22.01432,0.3669054,     N,    0,    0,    0,
 1322.062, 22.03438,0.3672396,     N,    0,    0,    0,
 1323.234, 22.05391,0.3675651,     N,    0,    0,    0,
 1324.391, 22.07318,0.3678863,     N,    0,    0,    0,
 1325.602, 22.09336,0.3682227,     N,    0,    0,    0,
 1326.758, 22.11263,0.3685438,     N,    0,    0,    0,
 1327.898, 22.13164,0.3688607,     N,    0,    0,    0,
 1329.039, 22.15065,0.3691775,     N,    0,    0,    0,
 1330.164, 22.16940,0.3694900,     N,    0,    0,    0,
 1331.289, 22.18815,0.3698025,     N,    0,    0,    0,
 1332.406, 22.20677,0.3701128,     N,    0,    0,    0,
 1333.508, 22.22513,0.3704188,     N,    0,    0,    0,
 1334.617, 22.24362,0.3707270,     N,    0,    0,    0,
 1335.711, 22.26185,0.3710308,     N,    0,    0,    0,
 1336.828, 22.28047,0.3713411,     N,    0,    0,    0,
 1337.930, 22.29883,0.3716471,     N,    0,    0,    0,
 1339.031, 22.31719,0.3719531,     N,    0,    0,    0,
 1340.133, 22.33555,0.3722591,     N,    0,    0,    0,
 1341.266, 22.35443,0.3725738,     N,    0,    0,    0,
 1342.367, 22.37279,0.3728798,     N,    0,    0,    0,
 1343.461, 22.39102,0.3731836,     N,    0,    0,    0,
 1344.555, 22.40924,0.3734874,     N,    0,    0,    0,
 1345.695, 22.42826,0.3738043,     N,    0,    0,    0,
 1346.805, 22.44674,0.3741124,     N,    0,    0,    0,
 1347.898, 22.46497,0.3744162,     N,    0,    0,    0,
 1348.977, 22.48294,0.3747157,     N,    0,    0,    0,
 1350.117, 22.50195,0.3750326,     N,    0,    0,    0,
 1351.227, 22.52044,0.3753407,     N,    0,    0,    0,
 1352.305, 22.53841,0.3756402,     F,    0,    0,    0,
 1353.398, 22.55664,0.3759440,     N,    0,    0,    0,
 1354.516, 22.57526,0.3762543,     N,    0,    0,    0,
 1355.570, 22.59284,0.3765473,     N,    0,    0,    0,
 1356.609, 22.61016,0.3768359,     N,    0,    0,    0,
 1357.703, 22.62839,0.3771398,     N,    0,    0,    0,
 1358.797, 22.64661,0.3774436,     N,    0,    0,    0,
 1359.859, 22.66432,0.3777387,     V,    0,    0,    0,
 1360.984, 22.68307,0.3780512,     N,    0,    0,    0,
 1362.094, 22.70156,0.3783594,     N,    0,    0,    0,
 1363.172, 22.71953,0.3786589,     N,    0,    0,    0,
 1364.258, 22.73763,0.3789605,     N,    0,    0,    0,
 1365.367, 22.75612,0.3792687,     N,    0,    0,    0,
 1366.422, 22.77370,0.3795616,     V,    0,    0,    0,
 1367.547, 22.79245,0.3798741,     N,    0,    0,    0,
 1368.672, 22.81120,0.3801866,     N,    0,    0,    0,
 1369.766, 22.82943,0.3804905,     N,    0,    0,    0,
 1370.852, 22.84753,0.3807921,     N,    0,    0,    0,
 1371.977, 22.86628,0.3811046,     N,    0,    0,    0,
 1373.109, 22.88516,0.3814193,     N,    0,    0,    0,
 1374.180, 22.90299,0.3817166,     V,    0,    0,    0,
 1375.328, 22.92214,0.3820356,     N,    0,    0,    0,
 1376.461, 22.94102,0.3823503,     N,    0,    0,    0,
 1377.234, 22.95391,0.3825651,     S,    0,    0,    0,
 1378.586, 22.97643,0.3829405,     N,    0,    0,    0,
 1379.727, 22.99544,0.3832574,     N,    0,    0,    0,
 1380.859, 23.01432,0.3835720,     N,    0,    0,    0,
 1381.977, 23.03294,0.3838824,     N,    0,    0,    0,
 1383.078, 23.05130,0.3841884,     N,    0,    0,    0,
 1384.203, 23.07005,0.3845009,     N,    0,    0,    0,
 1385.312, 23.08854,0.3848090,     N,    0,    0,    0,
 1386.430, 23.10716,0.3851194,     N,    0,    0,    0,
 1387.531, 23.12552,0.3854253,     N,    0,    0,    0,
 1388.664, 23.14440,0.3857400,     N,    0,    0,    0,
 1389.633, 23.16055,0.3860091,     S,    0,    0,    0,
 1390.898, 23.18164,0.3863607,     N,    0,    0,    0,
 1392.008, 23.20013,0.3866688,     N,    0,    0,    0,
 1393.109, 23.21849,0.3869748,     N,    0,    0,    0,
 1394.219, 23.23698,0.3872830,     N,    0,    0,    0,
 1395.273, 23.25456,0.3875760,     N,    0,    0,    0,
 1396.336, 23.27227,0.3878711,     F,    0,    0,    0,
 1397.430, 23.29049,0.3881749,     N,    0,    0,    0,
 1398.531, 23.30885,0.3884809,     N,    0,    0,    0,
 1399.602, 23.32669,0.3887782,     V,    0,    0,    0,
 1400.672, 23.34453,0.3890755,     N,    0,    0,    0,
 1401.773, 23.36289,0.3893815,     N,    0,    0,    0,
 1402.844, 23.38073,0.3896788,     N,    0,    0,    0,
 1403.914, 23.39857,0.3899761,     N,    0,    0,    0,
 1405.000, 23.41667,0.3902778,     N,    0,    0,    0,
 1406.062, 23.43437,0.3905729,     F,    0,    0,    0,
 1407.117, 23.45195,0.3908659,     F,    0,    0,    0,
 1408.203, 23.47005,0.3911675,     N,    0,    0,    0,
 1409.250, 23.48750,0.3914583,     N,    0,    0,    0,
 1410.273, 23.50456,0.3917426,     N,    0,    0,    0,
 1411.320, 23.52201,0.3920334,     N,    0,    0,    0,
 1412.359, 23.53932,0.3923220,     N,    0,    0,    0,
 1413.359, 23.55599,0.3925998,     N,    0,    0,    0,
 1414.438, 23.57396,0.3928993,     N,    0,    0,    0,
 1415.492, 23.59154,0.3931923,     V,    0,    0,    0,
 1416.508, 23.60846,0.3934744,     N,    0,    0,    0,
 1417.586, 23.62643,0.3937739,     N,    0,    0,    0,
 1418.656, 23.64427,0.3940712,     N,    0,    0,    0,
 1419.695, 23.66159,0.3943598,     V,    0,    0,    0,
 1420.789, 23.67982,0.3946636,     N,    0,    0,    0,
 1421.898, 23.69831,0.3949718,     N,    0,    0,    0,
 1422.992, 23.71654,0.3952756,     N,    0,    0,    0,
 1424.086, 23.73477,0.3955794,     N,    0,    0,    0,
 1425.227, 23.75378,0.3958963,     N,    0,    0,    0,
 1426.383, 23.77305,0.3962174,     N,    0,    0,    0,
 1427.469, 23.79115,0.3965191,     N,    0,    0,    0,
 1428.617, 23.81029,0.3968381,     N,    0,    0,    0,
 1429.773, 23.82956,0.3971593,     N,    0,    0,    0,
 1430.922, 23.84870,0.3974783,     N,    0,    0,    0,
 1432.078, 23.86797,0.3977995,     N,    0,    0,    0,
 1433.203, 23.88672,0.3981120,     N,    0,    0,    0,
 1434.328, 23.90547,0.3984245,     N,    0,    0,    0,
 1435.445, 23.92409,0.3987348,     N,    0,    0,    0,
 1436.547, 23.94245,0.3990408,     N,    0,    0,    0,
 1437.656, 23.96094,0.3993490,     N,    0,    0,    0,
 1438.758, 23.97930,0.3996549,     N,    0,    0,    0,
 1439.867, 23.99779,0.3999631,     N,    0,    0,    0,
 1440.984, 24.01641,0.4002734,     N,    0,    0,    0,
 1442.109, 24.03516,0.4005859,     N,    0,    0,    0,
 1443.219, 24.05365,0.4008941,     N,    0,    0,    0,
 1444.328, 24.07214,0.4012023,     N,    0,    0,    0,
 1445.414, 24.09023,0.4015039,     N,    0,    0,    0,
 1446.508, 24.10846,0.4018077,     N,    0,    0,    0,
 1447.594, 24.12656,0.4021094,     N,    0,    0,    0,
 1448.656, 24.14427,0.4024045,     N,    0,    0,    0,
 1449.695, 24.16159,0.4026931,     V,    0,    0,    0,
 1450.766, 24.17943,0.4029905,     N,    0,    0,    0,
 1451.852, 24.19753,0.4032921,     N,    0,    0,    0,
 1452.922, 24.21536,0.4035894,     N,    0,    0,    0,
 1453.992, 24.23320,0.4038867,     N,    0,    0,    0,
 1455.094, 24.25156,0.4041927,     N,    0,    0,    0,
 1456.219, 24.27031,0.4045052,     N,    0,    0,    0,
 1457.289, 24.28815,0.4048025,     V,    0,    0,    0,
 1458.375, 24.30625,0.4051042,     N,    0,    0,    0,
 1459.469, 24.32448,0.4054080,     N,    0,    0,    0,
 1460.539, 24.34232,0.4057053,     N,    0,    0,    0,
 1461.625, 24.36042,0.4060069,     N,    0,    0,    0,
 1462.750, 24.37917,0.4063194,     N,    0,    0,    0,
 1463.859, 24.39766,0.4066276,     V,    0,    0,    0,
 1464.953, 24.41589,0.4069314,     N,    0,    0,    0,
 1466.094, 24.43490,0.4072483,     N,    0,    0,    0,
 1467.203, 24.45339,0.4075564,     N,    0,    0,    0,
 1468.281, 24.47135,0.4078559,     V,    0,    0,    0,
 1469.383, 24.48971,0.4081619,     N,    0,    0,    0,
 1470.500, 24.50833,0.4084722,     N,    0,    0,    0,
 1471.586, 24.52643,0.4087739,     N,    0,    0,    0,
 1472.555, 24.54258,0.4090430,     S,    0,    0,    0,
 1473.781, 24.56302,0.4093837,     N,    0,    0,    0,
 1474.883, 24.58138,0.4096897,     N,    0,    0,    0,
 1475.938, 24.59896,0.4099826,     V,    0,    0,    0,
 1477.023, 24.61706,0.4102843,     N,    0,    0,    0,
 1478.109, 24.63516,0.4105859,     N,    0,    0,    0,
 1479.133, 24.65221,0.4108702,     N,    0,    0,    0,
 1480.117, 24.66862,0.4111437,     N,    0,    0,    0,
 1481.172, 24.68620,0.4114366,     N,    0,    0,    0,
 1482.211, 24.70352,0.4117253,     N,    0,    0,    0,
 1483.219, 24.72031,0.4120052,     V,    0,    0,    0,
 1484.281, 24.73802,0.4123003,     N,    0,    0,    0,
 1485.289, 24.75482,0.4125803,     N,    0,    0,    0,
 1486.320, 24.77201,0.4128668,     N,    0,    0,    0,
 1487.367, 24.78945,0.4131576,     N,    0,    0,    0,
 1488.383, 24.80638,0.4134397,     N,    0,    0,    0,
 1489.438, 24.82396,0.4137326,     N,    0,    0,    0,
 1490.492, 24.84154,0.4140256,     N,    0,    0,    0,
 1491.516, 24.85859,0.4143099,     N,    0,    0,    0,
 1492.633, 24.87721,0.4146202,     N,    0,    0,    0,
 1493.539, 24.89232,0.4148720,     S,    0,    0,    0,
 1494.828, 24.91380,0.4152300,     N,    0,    0,    0,
 1495.977, 24.93294,0.4155490,     N,    0,    0,    0,
 1497.109, 24.95182,0.4158637,     N,    0,    0,    0,
 1498.211, 24.97018,0.4161697,     N,    0,    0,    0,
 1499.312, 24.98854,0.4164757,     N,    0,    0,    0,
 1500.414, 25.00690,0.4167817,     N,    0,    0,    0,
 1501.508, 25.02513,0.4170855,     N,    0,    0,    0,
 1502.609, 25.04349,0.4173915,     N,    0,    0,    0,
 1503.703, 25.06172,0.4176953,     N,    0,    0,    0,
 1504.812, 25.08021,0.4180035,     N,    0,    0,    0,
 1505.922, 25.09870,0.4183116,     N,    0,    0,    0,
 1507.031, 25.11719,0.4186198,     N,    0,    0,    0,
 1508.148, 25.13581,0.4189301,     N,    0,    0,    0,
 1509.281, 25.15469,0.4192448,     N,    0,    0,    0,
 1510.422, 25.17370,0.4195616,     N,    0,    0,    0,
 1511.547, 25.19245,0.4198741,     N,    0,    0,    0,
 1512.672, 25.21120,0.4201866,     N,    0,    0,    0,
 1513.781, 25.22969,0.4204948,     N,    0,    0,    0,
 1514.891, 25.24818,0.4208030,     N,    0,    0,    0,
 1515.992, 25.26654,0.4211089,     N,    0,    0,    0,
 1517.086, 25.28477,0.4214128,     N,    0,    0,    0,
 1518.156, 25.30260,0.4217101,     N,    0,    0,    0,
 1519.227, 25.32044,0.4220074,     N,    0,    0,    0,
 1520.297, 25.33828,0.4223047,     N,    0,    0,    0,
 1521.383, 25.35638,0.4226063,     N,    0,    0,    0,
 1522.422, 25.37370,0.4228950,     V,    0,    0,    0,
 1523.508, 25.39180,0.4231966,     N,    0,    0,    0,
 1524.570, 25.40951,0.4234918,     N,    0,    0,    0,
 1525.617, 25.42695,0.4237826,     N,    0,    0,    0,
 1526.688, 25.44479,0.4240799,     N,    0,    0,    0,
 1527.750, 25.46250,0.4243750,     N,    0,    0,    0,
 1528.805, 25.48008,0.4246680,     N,    0,    0,    0,
 1529.891, 25.49818,0.4249696,     N,    0,    0,    0,
 1530.945, 25.51576,0.4252626,     N,    0,    0,    0,
 1532.008, 25.53346,0.4255577,     N,    0,    0,    0,
 1533.094, 25.55156,0.4258594,     N,    0,    0,    0,
 1534.172, 25.56953,0.4261589,     N,    0,    0,    0,
 1535.219, 25.58698,0.4264497,     N,    0,    0,    0,
 1536.289, 25.60482,0.4267470,     N,    0,    0,    0,
 1537.367, 25.62279,0.4270464,     N,    0,    0,    0,
 1538.422, 25.64036,0.4273394,     N,    0,    0,    0,
 1539.492, 25.65820,0.4276367,     N,    0,    0,    0,
 1540.562, 25.67604,0.4279340,     N,    0,    0,    0,
 1541.594, 25.69323,0.4282205,     V,    0,    0,    0,
 1542.695, 25.71159,0.4285265,     N,    0,    0,    0,
 1543.805, 25.73008,0.4288346,     N,    0,    0,    0,
 1544.859, 25.74766,0.4291276,     N,    0,    0,    0,
 1545.969, 25.76615,0.4294358,     N,    0,    0,    0,
 1547.008, 25.78346,0.4297244,     N,    0,    0,    0,
 1548.031, 25.80052,0.4300087,     N,    0,    0,    0,
 1549.102, 25.81836,0.4303060,     N,    0,    0,    0,
 1550.109, 25.83516,0.4305859,     V,    0,    0,    0,
 1551.172, 25.85286,0.4308811,     N,    0,    0,    0,
 1552.242, 25.87070,0.4311784,     N,    0,    0,    0,
 1553.250, 25.88750,0.4314583,     V,    0,    0,    0,
 1554.312, 25.90521,0.4317535,     N,    0,    0,    0,
 1555.375, 25.92292,0.4320486,     N,    0,    0,    0,
 1556.406, 25.94010,0.4323351,     N,    0,    0,    0,
 1557.477, 25.95794,0.4326324,     N,    0,    0,    0,
 1558.547, 25.97578,0.4329297,     N,    0,    0,    0,
 1559.594, 25.99323,0.4332205,     N,    0,    0,    0,
 1560.664, 26.01107,0.4335178,     N,    0,    0,    0,
 1561.750, 26.02917,0.4338194,     N,    0,    0,    0,
 1562.797, 26.04661,0.4341102,     F,    0,    0,    0,
 1563.883, 26.06471,0.4344119,     N,    0,    0,    0,
 1564.984, 26.08307,0.4347179,     N,    0,    0,    0,
 1566.047, 26.10078,0.4350130,     N,    0,    0,    0,
 1567.102, 26.11836,0.4353060,     N,    0,    0,    0,
 1568.180, 26.13633,0.4356055,     N,    0,    0,    0,
 1569.062, 26.15104,0.4358507,     S,    0,    0,    0,
 1570.328, 26.17214,0.4362023,     N,    0,    0,    0,
 1571.469, 26.19115,0.4365191,     N,    0,    0,    0,
 1572.562, 26.20938,0.4368229,     N,    0,    0,    0,
 1573.664, 26.22773,0.4371289,     N,    0,    0,    0,
 1574.758, 26.24596,0.4374327,     N,    0,    0,    0,
 1575.867, 26.26445,0.4377409,     N,    0,    0,    0,
 1576.977, 26.28294,0.4380490,     N,    0,    0,    0,
 1578.094, 26.30156,0.4383594,     N,    0,    0,    0,
 1579.211, 26.32018,0.4386697,     N,    0,    0,    0,
 1580.344, 26.33906,0.4389844,     N,    0,    0,    0,
 1581.484, 26.35807,0.4393012,     N,    0,    0,    0,
 1582.641, 26.37734,0.4396224,     N,    0,    0,    0,
 1583.734, 26.39557,0.4399262,     N,    0,    0,    0,
 1584.828, 26.41380,0.4402300,     N,    0,    0,    0,
 1585.953, 26.43255,0.4405425,     N,    0,    0,    0,
 1587.070, 26.45117,0.4408529,     N,    0,    0,    0,
 1588.148, 26.46914,0.4411523,     N,    0,    0,    0,
 1589.211, 26.48685,0.4414475,     N,    0,    0,    0,
 1590.320, 26.50534,0.4417556,     N,    0,    0,    0,
 1591.391, 26.52318,0.4420530,     N,    0,    0,    0,
 1592.438, 26.54062,0.4423437,     N,    0,    0,    0,
 1593.531, 26.55885,0.4426476,     N,    0,    0,    0,
 1594.602, 26.57669,0.4429449,     N,    0,    0,    0,
 1595.664, 26.59440,0.4432400,     N,    0,    0,    0,
 1596.766, 26.61276,0.4435460,     N,    0,    0,    0,
 1597.875, 26.63125,0.4438542,     N,    0,    0,    0,
 1598.938, 26.64896,0.4441493,     N,    0,    0,    0,
 1600.023, 26.66706,0.4444510,     N,    0,    0,    0,
 1601.141, 26.68568,0.4447613,     N,    0,    0,    0,
 1602.219, 26.70365,0.4450608,     N,    0,    0,    0,
 1603.297, 26.72161,0.4453602,     N,    0,    0,    0,
 1604.430, 26.74049,0.4456749,     N,    0,    0,    0,
 1605.531, 26.75885,0.4459809,     N,    0,    0,    0,
 1606.609, 26.77682,0.4462804,     N,    0,    0,    0,
 1607.727, 26.79544,0.4465907,     N,    0,    0,    0,
 1608.836, 26.81393,0.4468989,     N,    0,    0,    0,
 1609.891, 26.83151,0.4471918,     N,    0,    0,    0,
 1611.016, 26.85026,0.4475043,     N,    0,    0,    0,
 1612.133, 26.86888,0.4478147,     N,    0,    0,    0,
 1613.227, 26.88711,0.4481185,     V,    0,    0,    0,
 1614.352, 26.90586,0.4484310,     N,    0,    0,    0,
 1615.414, 26.92357,0.4487261,     N,    0,    0,    0,
 1616.469, 26.94115,0.4490191,     V,    0,    0,    0,
 1617.547, 26.95911,0.4493186,     N,    0,    0,    0,
 1618.562, 26.97604,0.4496007,     N,    0,    0,    0,
 1619.578, 26.99297,0.4498828,     N,    0,    0,    0,
 1620.648, 27.01081,0.4501801,     N,    0,    0,    0,
 1621.672, 27.02786,0.4504644,     N,    0,    0,    0,
 1622.750, 27.04583,0.4507639,     N,    0,    0,    0,
 1623.828, 27.06380,0.4510634,     N,    0,    0,    0,
 1624.875, 27.08125,0.4513542,     N,    0,    0,    0,
 1625.984, 27.09974,0.4516623,     N,    0,    0,    0,
 1627.094, 27.11823,0.4519705,     N,    0,    0,    0,
 1628.172, 27.13620,0.4522700,     N,    0,    0,    0,
 1629.305, 27.15508,0.4525846,     N,    0,    0,    0,
 1630.430, 27.17383,0.4528971,     N,    0,    0,    0,
 1631.508, 27.19180,0.4531966,     F,    0,    0,    0,
 1632.609, 27.21016,0.4535026,     N,    0,    0,    0,
 1633.734, 27.22891,0.4538151,     N,    0,    0,    0,
 1634.844, 27.24740,0.4541233,     N,    0,    0,    0,
 1635.781, 27.26302,0.4543837,     S,    0,    0,    0,
 1637.055, 27.28424,0.4547374,     N,    0,    0,    0,
 1638.195, 27.30326,0.4550543,     N,    0,    0,    0,
 1639.320, 27.32201,0.4553668,     N,    0,    0,    0,
 1640.438, 27.34062,0.4556771,     N,    0,    0,    0,
 1641.578, 27.35964,0.4559939,     N,    0,    0,    0,
 1642.727, 27.37878,0.4563129,     N,    0,    0,    0,
 1643.875, 27.39792,0.4566319,     N,    0,    0,    0,
 1645.023, 27.41706,0.4569510,     N,    0,    0,    0,
 1646.164, 27.43607,0.4572678,     N,    0,    0,    0,
 1647.305, 27.45508,0.4575846,     N,    0,    0,    0,
 1648.453, 27.47422,0.4579036,     N,    0,    0,    0,
 1649.602, 27.49336,0.4582227,     N,    0,    0,    0,
 1650.719, 27.51198,0.4585330,     N,    0,    0,    0,
 1651.820, 27.53034,0.4588390,     N,    0,    0,    0,
 1652.938, 27.54896,0.4591493,     N,    0,    0,    0,
 1654.047, 27.56745,0.4594575,     N,    0,    0,    0,
 1655.125, 27.58542,0.4597569,     N,    0,    0,    0,
 1656.211, 27.60352,0.4600586,     N,    0,    0,    0,
 1657.281, 27.62135,0.4603559,     N,    0,    0,    0,
 1658.328, 27.63880,0.4606467,     N,    0,    0,    0,
 1659.375, 27.65625,0.4609375,     N,    0,    0,    0,
 1660.445, 27.67409,0.4612348,     N,    0,    0,    0,
 1661.484, 27.69141,0.4615234,     N,    0,    0,    0,
 1662.227, 27.70378,0.4617296,     S,    0,    0,    0,
 1663.516, 27.72526,0.4620877,     N,    0,    0,    0,
 1664.609, 27.74349,0.4623915,     N,    0,    0,    0,
 1665.664, 27.76107,0.4626845,     N,    0,    0,    0,
 1666.727, 27.77878,0.4629796,     N,    0,    0,    0,
 1667.797, 27.79661,0.4632769,     N,    0,    0,    0,
 1668.844, 27.81406,0.4635677,     N,    0,    0,    0,
 1669.891, 27.83151,0.4638585,     N,    0,    0,    0,
 1670.977, 27.84961,0.4641602,     N,    0,    0,    0,
 1672.055, 27.86758,0.4644596,     N,    0,    0,    0,
 1673.117, 27.88529,0.4647548,     N,    0,    0,    0,
 1674.203, 27.90339,0.4650564,     N,    0,    0,    0,
 1675.297, 27.92161,0.4653602,     N,    0,    0,    0,
 1676.352, 27.93919,0.4656532,     N,    0,    0,    0,
 1677.398, 27.95664,0.4659440,     N,    0,    0,    0,
 1678.492, 27.97487,0.4662478,     N,    0,    0,    0,
 1679.547, 27.99245,0.4665408,     N,    0,    0,    0,
 1680.586, 28.00977,0.4668294,     N,    0,    0,    0,
 1681.664, 28.02773,0.4671289,     N,    0,    0,    0,
 1682.672, 28.04453,0.4674089,     N,    0,    0,    0,
 1683.742, 28.06237,0.4677062,     N,    0,    0,    0,
 1684.820, 28.08034,0.4680056,     N,    0,    0,    0,
 1685.859, 28.09766,0.4682943,     N,    0,    0,    0,
 1686.977, 28.11628,0.4686046,     N,    0,    0,    0,
 1688.102, 28.13503,0.4689171,     N,    0,    0,    0,
 1689.195, 28.15326,0.4692209,     N,    0,    0,    0,
 1690.328, 28.17214,0.4695356,     N,    0,    0,    0,
 1691.484, 28.19141,0.4698568,     N,    0,    0,    0,
 1692.602, 28.21003,0.4701671,     N,    0,    0,    0,
 1693.750, 28.22917,0.4704861,     N,    0,    0,    0,
 1694.859, 28.24766,0.4707943,     N,    0,    0,    0,
 1696.000, 28.26667,0.4711111,     N,    0,    0,    0,
 1697.148, 28.28581,0.4714301,     N,    0,    0,    0,
 1698.281, 28.30469,0.4717448,     N,    0,    0,    0,
 1699.398, 28.32331,0.4720551,     N,    0,    0,    0,
 1700.531, 28.34219,0.4723698,     N,    0,    0,    0,
 1701.664, 28.36107,0.4726845,     N,    0,    0,    0,
 1702.789, 28.37982,0.4729970,     N,    0,    0,    0,
 1703.906, 28.39844,0.4733073,     N,    0,    0,    0,
 1705.031, 28.41719,0.4736198,     N,    0,    0,    0,
 1706.141, 28.43568,0.4739280,     N,    0,    0,    0,
 1707.242, 28.45404,0.4742339,     N,    0,    0,    0,
 1708.352, 28.47253,0.4745421,     N,    0,    0,    0,
 1709.438, 28.49063,0.4748438,     N,    0,    0,    0,
 1710.508, 28.50846,0.4751411,     N,    0,    0,    0,
 1711.594, 28.52656,0.4754427,     N,    0,    0,    0,
 1712.688, 28.54479,0.4757465,     N,    0,    0,    0,
 1713.758, 28.56263,0.4760438,     N,    0,    0,    0,
 1714.859, 28.58099,0.4763498,     N,    0,    0,    0,
 1715.945, 28.59909,0.4766515,     N,    0,    0,    0,
 1717.008, 28.61680,0.4769466,     N,    0,    0,    0,
 1718.086, 28.63477,0.4772461,     N,    0,    0,    0,
 1719.172, 28.65286,0.4775477,     N,    0,    0,    0,
 1720.242, 28.67070,0.4778451,     N,    0,    0,    0,
 1721.305, 28.68841,0.4781402,     N,    0,    0,    0,
 1722.383, 28.70638,0.4784397,     N,    0,    0,    0,
 1723.430, 28.72383,0.4787305,     N,    0,    0,    0,
 1724.477, 28.74128,0.4790213,     N,    0,    0,    0,
 1725.547, 28.75911,0.4793186,     N,    0,    0,    0,
 1726.617, 28.77695,0.4796159,     N,    0,    0,    0,
 1727.664, 28.79440,0.4799067,     N,    0,    0,    0,
 1728.734, 28.81224,0.4802040,     N,    0,    0,    0,
 1729.836, 28.83060,0.4805100,     N,    0,    0,    0,
 1730.898, 28.84831,0.4808051,     N,    0,    0,    0,
 1731.969, 28.86615,0.4811024,     N,    0,    0,    0,
 1733.078, 28.88464,0.4814106,     N,    0,    0,    0,
 1734.188, 28.90312,0.4817187,     N,    0,    0,    0,
 1735.266, 28.92109,0.4820182,     N,    0,    0,    0,
 1736.383, 28.93971,0.4823286,     N,    0,    0,    0,
 1737.484, 28.95807,0.4826345,     N,    0,    0,    0,
 1738.539, 28.97565,0.4829275,     N,    0,    0,    0,
 1739.648, 28.99414,0.4832357,     N,    0,    0,    0,
 1740.773, 29.01289,0.4835482,     N,    0,    0,    0,
 1741.844, 29.03073,0.4838455,     N,    0,    0,    0,
 1742.938, 29.04896,0.4841493,     N,    0,    0,    0,
 1744.062, 29.06771,0.4844618,     N,    0,    0,    0,
 1745.125, 29.08542,0.4847569,     N,    0,    0,    0,
 1746.188, 29.10312,0.4850521,     N,    0,    0,    0,
 1747.273, 29.12122,0.4853537,     N,    0,    0,    0,
 1748.328, 29.13880,0.4856467,     N,    0,    0,    0,
 1749.367, 29.15612,0.4859353,     N,    0,    0,    0,
 1750.453, 29.17422,0.4862370,     N,    0,    0,    0,
 1751.469, 29.19115,0.4865191,     N,    0,    0,    0,
 1752.516, 29.20859,0.4868099,     N,    0,    0,    0,
 1753.602, 29.22669,0.4871115,     N,    0,    0,    0,
 1754.633, 29.24388,0.4873980,     N,    0,    0,    0,
 1755.727, 29.26211,0.4877018,     N,    0,    0,    0,
 1756.789, 29.27982,0.4879970,     N,    0,    0,    0,
 1757.828, 29.29714,0.4882856,     N,    0,    0,    0,
 1758.930, 29.31549,0.4885916,     N,    0,    0,    0,
 1759.984, 29.33307,0.4888845,     N,    0,    0,    0,
 1761.070, 29.35117,0.4891862,     N,    0,    0,    0,
 1762.203, 29.37005,0.4895009,     N,    0,    0,    0,
 1763.305, 29.38841,0.4898069,     N,    0,    0,    0,
 1764.398, 29.40664,0.4901107,     N,    0,    0,    0,
 1765.539, 29.42565,0.4904275,     N,    0,    0,    0,
 1766.688, 29.44479,0.4907465,     N,    0,    0,    0,
 1767.805, 29.46341,0.4910569,     N,    0,    0,    0,
 1768.953, 29.48255,0.4913759,     N,    0,    0,    0,
 1770.102, 29.50169,0.4916949,     N,    0,    0,    0,
 1771.242, 29.52070,0.4920117,     N,    0,    0,    0,
 1772.359, 29.53932,0.4923220,     N,    0,    0,    0,
 1773.469, 29.55781,0.4926302,     N,    0,    0,    0,
 1774.594, 29.57656,0.4929427,     N,    0,    0,    0,
 1775.688, 29.59479,0.4932465,     N,    0,    0,    0,
 1776.797, 29.61328,0.4935547,     N,    0,    0,    0,
 1777.906, 29.63177,0.4938628,     N,    0,    0,    0,
 1779.016, 29.65026,0.4941710,     N,    0,    0,    0,
 1780.117, 29.66862,0.4944770,     N,    0,    0,    0,
 1781.203, 29.68672,0.4947786,     N,    0,    0,    0,
 1782.289, 29.70482,0.4950803,     N,    0,    0,    0,
 1783.352, 29.72253,0.4953754,     N,    0,    0,    0,
 1784.414, 29.74023,0.4956706,     N,    0,    0,    0,
 1785.477, 29.75794,0.4959657,     N,    0,    0,    0,
 1786.547, 29.77578,0.4962630,     N,    0,    0,    0,
 1787.609, 29.79349,0.4965582,     N,    0,    0,    0,
 1788.664, 29.81107,0.4968511,     N,    0,    0,    0,
 1789.734, 29.82891,0.4971484,     N,    0,    0,    0,
 1790.828, 29.84714,0.4974523,     N,    0,    0,    0,
 1791.906, 29.86510,0.4977517,     N,    0,    0,    0,
 1792.977, 29.88294,0.4980490,     N,    0,    0,    0,
 1794.055, 29.90091,0.4983485,     N,    0,    0,    0,
 1795.133, 29.91888,0.4986480,     N,    0,    0,    0,
 1796.195, 29.93659,0.4989431,     N,    0,    0,    0,
 1797.250, 29.95417,0.4992361,     N,    0,    0,    0,
 1798.328, 29.97214,0.4995356,     N,    0,    0,    0,
 1799.391, 29.98984,0.4998307,     N,    0,    0,    0,
